[1, 512, 512, 0, 0, 8.983554046911497e-05, 0.04101533629000187, 0.05468280240893364, 0.04599579672018687]
[2, 1024, 1024, 0, 0, 8.467561201541685e-05, 0.07733361423015594, 0.09608203917741776, 0.08670782670378685]
[3, 1536, 1536, 0, 0, 7.9115596236079e-05, 0.1097778957337141, 0.13326521590352058, 0.12152155581861734]
[4, 2048, 2048, 0, 0, 8.228304659496644e-05, 0.15012718923389912, 0.1869041696190834, 0.16851567942649126]
[5, 2560, 2560, 0, 0, 7.891300083429087e-05, 0.18371246755123138, 0.22032209672033787, 0.20201728213578463]
[6, 3072, 3072, 0, 0, 8.09014142456969e-05, 0.22536721639335155, 0.27169107273221016, 0.24852914456278086]
[7, 3584, 3584, 0, 0, 7.777104396414611e-05, 0.26087873615324497, 0.2965841069817543, 0.27873142156749964]
[8, 4096, 4096, 0, 0, 7.688251457693696e-05, 0.296492887660861, 0.3333286717534065, 0.31491077970713377]
[9, 4608, 4608, 0, 0, 7.608547700025763e-05, 0.3344187308102846, 0.3667850252240896, 0.3506018780171871]
[10, 5120, 5120, 0, 0, 7.761291071801679e-05, 0.3696811217814684, 0.42507508397102356, 0.397378102876246]
[11, 5632, 5632, 0, 0, 7.759654032600916e-05, 0.40952665731310844, 0.4645207729190588, 0.4370237151160836]
[12, 6144, 6144, 0, 0, 7.454982414856204e-05, 0.44280519150197506, 0.47326304763555527, 0.45803411956876516]
[13, 6656, 6656, 0, 0, 7.503381437765292e-05, 0.4796291086822748, 0.5192210283130407, 0.4994250684976578]
[14, 7168, 7168, 0, 0, 7.523126896558097e-05, 0.5129506029188633, 0.5655648689717054, 0.5392577359452844]
[15, 7680, 7680, 0, 0, 7.496644223768575e-05, 0.5617082379758358, 0.5897763147950172, 0.5757422763854265]
[16, 8192, 8192, 0, 0, 7.484920672595763e-05, 0.6043363697826862, 0.6219930332154036, 0.6131647014990449]
[17, 8704, 8704, 0, 0, 7.542069804056904e-05, 0.6347171384841204, 0.6782063730061054, 0.6564617557451129]
[18, 9216, 9216, 0, 0, 7.405292601308449e-05, 0.6606295946985483, 0.704313937574625, 0.6824717661365867]
[19, 9728, 9728, 0, 0, 7.304142385883576e-05, 0.7011225111782551, 0.7199714314192533, 0.7105469712987542]
[10, 10240, 10240, 0, 0, 7.17652232196997e-05, 0.7348758857697248, 0.7348758857697248, 0.7348758857697248]
[20, 10240, 10240, 0, 0, 7.654972105228808e-05, 0.7460643816739321, 0.8216739054769278, 0.7838691435754299]
[21, 10752, 10752, 0, 0, 7.287787550359055e-05, 0.7687977198511362, 0.798368114978075, 0.7835829174146056]
[11, 11264, 11264, 0, 0, 7.397882853348909e-05, 0.8332975246012211, 0.8332975246012211, 0.8332975246012211]
[22, 11264, 11264, 0, 0, 7.414602598807754e-05, 0.8086780179291964, 0.8616836555302143, 0.8351808367297053]
[23, 11776, 11776, 0, 0, 7.39049123892429e-05, 0.8690508883446455, 0.8715576082468033, 0.8703042482957244]
[24, 12288, 12288, 0, 0, 7.370398945264849e-05, 0.8815787453204393, 0.9297704994678497, 0.9056746223941445]
[25, 12800, 12800, 0, 0, 7.324014586629346e-05, 0.9167206957936287, 0.9582270383834839, 0.9374738670885563]
[13, 13312, 13312, 0, 0, 7.38625366676178e-05, 0.9822722394019365, 0.9842439368367195, 0.983258088119328]
[26, 13312, 13312, 0, 0, 7.476940747717611e-05, 0.9524110350757837, 1.0382496695965528, 0.9953303523361683]
[27, 13824, 13824, 0, 0, 7.365161925715963e-05, 1.001365777105093, 1.0349541921168566, 1.0181599846109748]
[14, 14336, 14336, 0, 0, 7.19771459054235e-05, 1.0318643637001514, 1.0318643637001514, 1.0318643637001514]
[28, 14336, 14336, 0, 0, 7.340968120063605e-05, 1.025381164625287, 1.0794212147593498, 1.0524011896923184]
[29, 14848, 14848, 0, 0, 7.292465892240361e-05, 1.0623121187090874, 1.112788936123252, 1.082785335679849]
[30, 15360, 15360, 0, 0, 7.43866122017304e-05, 1.142578363418579, 1.142578363418579, 1.142578363418579]
[31, 15872, 15872, 0, 0, 7.357141305786377e-05, 1.1677254680544138, 1.1677254680544138, 1.1677254680544138]
[32, 16384, 16384, 0, 0, 7.349374004661513e-05, 1.2041214369237423, 1.2041214369237423, 1.2041214369237423]
[33, 16896, 16896, 0, 0, 7.37191513701074e-05, 1.2455587815493345, 1.2455587815493345, 1.2455587815493345]
[34, 17408, 17408, 0, 0, 7.407179563254912e-05, 1.2894418183714151, 1.2894418183714151, 1.2894418183714151]
[35, 17920, 17920, 0, 0, 7.462737059021103e-05, 1.3373224809765816, 1.3373224809765816, 1.3373224809765816]
[36, 18432, 18432, 0, 0, 7.344936592643434e-05, 1.3538187127560377, 1.3538187127560377, 1.3538187127560377]
[37, 18944, 18944, 0, 0, 7.304763012389476e-05, 1.3838143050670624, 1.3838143050670624, 1.3838143050670624]
[38, 19456, 19456, 0, 0, 7.358948938704806e-05, 1.4317571055144072, 1.4317571055144072, 1.4317571055144072]
[39, 19968, 19968, 0, 0, 7.370059448965968e-05, 1.4716534707695246, 1.4716534707695246, 1.4716534707695246]
[40, 20480, 20480, 0, 0, 7.284895327757113e-05, 1.4919465631246567, 1.4919465631246567, 1.4919465631246567]
[41, 20992, 20992, 0, 0, 7.217278178403631e-05, 1.5150510352104902, 1.5150510352104902, 1.5150510352104902]
[42, 21504, 21504, 0, 0, 7.328654230929845e-05, 1.5759538058191538, 1.5759538058191538, 1.5759538058191538]
[43, 22016, 22016, 0, 0, 7.360709787462838e-05, 1.6205338668078184, 1.6205338668078184, 1.6205338668078184]
[44, 22528, 22528, 0, 0, 7.413616260071814e-05, 1.6701394710689783, 1.6701394710689783, 1.6701394710689783]
[45, 23040, 23040, 0, 0, 7.421191977401678e-05, 1.7098426315933466, 1.7098426315933466, 1.7098426315933466]
[46, 23552, 23552, 0, 0, 7.413252324508706e-05, 1.7459691874682903, 1.7459691874682903, 1.7459691874682903]
[47, 24064, 24064, 0, 0, 7.455672552014027e-05, 1.7941330429166555, 1.7941330429166555, 1.7941330429166555]
[48, 24576, 24576, 0, 0, 7.303714255613158e-05, 1.7949608154594898, 1.7949608154594898, 1.7949608154594898]
[49, 25088, 25088, 0, 0, 7.344459953280736e-05, 1.842578113079071, 1.842578113079071, 1.842578113079071]
[50, 25600, 25600, 0, 0, 7.324370810238179e-05, 1.8750389274209738, 1.8750389274209738, 1.8750389274209738]
[51, 26112, 26112, 0, 0, 7.288240629029187e-05, 1.9031053930521011, 1.9031053930521011, 1.9031053930521011]
[52, 26624, 26624, 0, 0, 7.307485667787169e-05, 1.9455449841916561, 1.9455449841916561, 1.9455449841916561]
[53, 27136, 27136, 0, 0, 7.27835082078906e-05, 1.9750532787293196, 1.9750532787293196, 1.9750532787293196]
[54, 27648, 27648, 0, 0, 7.268756538299688e-05, 2.009665807709098, 2.009665807709098, 2.009665807709098]
[55, 28160, 28160, 0, 0, 7.320742185005325e-05, 2.0615209992974997, 2.0615209992974997, 2.0615209992974997]
[56, 28672, 28672, 0, 0, 7.30111302930579e-05, 2.093375127762556, 2.093375127762556, 2.093375127762556]
[57, 29184, 29184, 0, 0, 7.327705284217046e-05, 2.1385175101459026, 2.1385175101459026, 2.1385175101459026]
[29, 29696, 29696, 0, 0, 7.421314374619999e-05, 2.2038335166871548, 2.2038335166871548, 2.2038335166871548]
[58, 29696, 29696, 0, 0, 7.313286707734545e-05, 2.1717536207288504, 2.1717536207288504, 2.1717536207288504]
[59, 30208, 30208, 0, 0, 7.470771767765331e-05, 2.256770735606551, 2.256770735606551, 2.256770735606551]
[30, 30720, 30720, 0, 0, 7.344275272771483e-05, 2.217979261651635, 2.284994810819626, 2.2561613637953997]
[60, 30720, 30720, 0, 0, 7.426019267289227e-05, 2.2466150131076574, 2.327936979010701, 2.2812731189112507]
[1, 1, 1, 528, 528, 2.6772610329895873e-05, 0.01368013396859169, 0.015227217227220535, 0.014135938254185021]
[1, 1, 1, 544, 544, 2.5159682135220946e-05, 0.013662680983543396, 0.013723213225603104, 0.013686867081560194]
[1, 1, 1, 560, 560, 2.465184869444264e-05, 0.013666024431586266, 0.01540355570614338, 0.013805035268887877]
[1, 1, 1, 576, 576, 2.3786461800530862e-05, 0.013670042157173157, 0.01372930221259594, 0.013701001997105777]
[1, 1, 1, 592, 592, 2.3146298190113157e-05, 0.013674933463335037, 0.013760942965745926, 0.013702608528546989]
[1, 1, 1, 608, 608, 2.299981018663139e-05, 0.013678735122084618, 0.018165085464715958, 0.013983884593471885]
[1, 1, 1, 624, 624, 2.2143123947091202e-05, 0.013656241819262505, 0.01680956594645977, 0.013817309342984911]
[1, 1, 1, 640, 640, 2.1633171854773536e-05, 0.013662740588188171, 0.017478767782449722, 0.013845229987055063]
[2, 2, 2, 1056, 528, 1.3693282116119834e-05, 0.013784680515527725, 0.015208344906568527, 0.014460105914622545]
[2, 2, 2, 1088, 544, 1.282832133309806e-05, 0.01375102810561657, 0.016614219173789024, 0.01395721361041069]
[1, 1, 1, 1104, 1104, 1.554746025552352e-05, 0.01716439612209797, 0.01716439612209797, 0.01716439612209797]
[2, 2, 2, 1120, 560, 1.23781939951836e-05, 0.013771949335932732, 0.014925725758075714, 0.013863577274605632]
[2, 2, 2, 1152, 576, 1.3400665516706391e-05, 0.01378278061747551, 0.03967724367976189, 0.015437566675245762]
[2, 2, 2, 1184, 592, 1.1646048487573108e-05, 0.013771671801805496, 0.013807937502861023, 0.013788921409286559]
[2, 2, 2, 1216, 608, 1.134963244303914e-05, 0.013769751414656639, 0.013898897916078568, 0.013801153050735593]
[2, 2, 2, 1248, 624, 1.1280302504843529e-05, 0.013773597776889801, 0.025003796443343163, 0.014077817526044725]
[2, 2, 2, 1280, 640, 1.127162679386813e-05, 0.013783248141407967, 0.043797409161925316, 0.014427682296151207]
[3, 3, 3, 1584, 528, 8.90460936293815e-06, 0.013735368847846985, 0.015087757259607315, 0.01410490123089403]
[3, 3, 3, 1632, 544, 8.453598389214854e-06, 0.01373005285859108, 0.014281343668699265, 0.013796272571198642]
[3, 3, 3, 1680, 560, 8.199921215973085e-06, 0.013745767995715141, 0.013878267258405685, 0.013775867642834783]
[3, 3, 3, 1728, 576, 8.073214808569497e-06, 0.01376199908554554, 0.01637698896229267, 0.01395051518920809]
[3, 3, 3, 1776, 592, 7.88181919766053e-06, 0.013785399496555328, 0.01690501719713211, 0.013998110895045102]
[3, 3, 3, 1824, 608, 7.576568462179255e-06, 0.01379263773560524, 0.013890976086258888, 0.01381966087501496]
[3, 3, 3, 1856, 624, 7.736512952237979e-06, 0.013792049139738083, 0.02389264665544033, 0.014358968039353688]
[3, 3, 3, 1872, 624, 7.479213820344288e-06, 0.013799548149108887, 0.016724849119782448, 0.014001088271684507]
[3, 3, 3, 1904, 640, 7.327350531008552e-06, 0.01381467841565609, 0.01497611403465271, 0.013951275411040284]
[3, 3, 3, 1920, 640, 8.561450813431293e-06, 0.013822387903928757, 0.040926627814769745, 0.016437985561788084]
[4, 4, 4, 2112, 528, 6.653719041919843e-06, 0.013933973386883736, 0.015146968886256218, 0.01405265461653471]
[4, 4, 4, 2176, 544, 6.474959317368784e-06, 0.013933269307017326, 0.01602311059832573, 0.014089511474594474]
[4, 4, 4, 2240, 560, 6.290708604085791e-06, 0.013953020796179771, 0.015778642147779465, 0.014091187273152173]
[4, 4, 4, 2304, 576, 6.1142327467678115e-06, 0.013964992016553879, 0.015472304075956345, 0.014087192248553038]
[4, 4, 4, 2368, 592, 6.823464679434216e-06, 0.01399248093366623, 0.0452495776116848, 0.016157964360900223]
[4, 4, 4, 2432, 608, 5.7973160629013654e-06, 0.014067532494664192, 0.014186106622219086, 0.01409907266497612]
[4, 4, 4, 2464, 624, 6.001837760570202e-06, 0.014035206288099289, 0.035988472402095795, 0.014788528242044978]
[4, 4, 4, 2480, 624, 7.031372444550624e-06, 0.014048052951693535, 0.04387335665524006, 0.017437803662485547]
[4, 4, 4, 2496, 624, 5.65013588362863e-06, 0.01407558098435402, 0.014137187972664833, 0.01410273916553706]
[4, 4, 4, 2528, 640, 5.627799923871343e-06, 0.014064155519008636, 0.016548531129956245, 0.014227078207546756]
[4, 4, 4, 2544, 640, 5.533310826549847e-06, 0.014049714431166649, 0.014151044189929962, 0.014076742742742811]
[4, 4, 4, 2560, 640, 5.5583954755482935e-06, 0.014100288972258568, 0.014887532219290733, 0.01422949241740363]
[5, 5, 5, 2640, 528, 5.496679328974675e-06, 0.014187224209308624, 0.017105495557188988, 0.014511233428493142]
[5, 5, 5, 2720, 544, 5.290274010108345e-06, 0.014216028153896332, 0.01545148529112339, 0.0143895453074947]
[5, 5, 5, 2800, 560, 5.897847627888301e-06, 0.014219876378774643, 0.04811960831284523, 0.01651397335808724]
[5, 5, 5, 2880, 576, 4.987935972167179e-06, 0.014242295175790787, 0.01459931954741478, 0.014365255599841475]
[5, 5, 5, 2960, 592, 4.85486930670418e-06, 0.014288963750004768, 0.01451016403734684, 0.014370413147844374]
[5, 5, 5, 3040, 608, 4.742180087640391e-06, 0.014295695349574089, 0.014502454549074173, 0.01441622746642679]
[5, 5, 5, 3056, 624, 4.695998296171964e-06, 0.014304041862487793, 0.014551637694239616, 0.014350970793101523]
[5, 5, 5, 3072, 624, 4.694301962983984e-06, 0.01431979238986969, 0.014613784849643707, 0.0144208956302868]
[5, 5, 5, 3088, 624, 5.146882161133476e-06, 0.014451289549469948, 0.026298783719539642, 0.015893572113580175]
[5, 5, 5, 3120, 624, 4.626071611896922e-06, 0.014309346675872803, 0.014640072360634804, 0.014433343429118395]
[5, 5, 5, 3136, 640, 4.742262496814174e-06, 0.014345204457640648, 0.018128832802176476, 0.014871735190009248]
[5, 5, 5, 3152, 640, 4.5834410021409585e-06, 0.014344532042741776, 0.014681916683912277, 0.014447006038748302]
[6, 6, 6, 3168, 528, 4.629959790929776e-06, 0.014434246346354485, 0.01578580215573311, 0.01466771261766553]
[5, 5, 5, 3168, 640, 4.592469458644309e-06, 0.01445511169731617, 0.014772167429327965, 0.014548943244985171]
[5, 5, 5, 3200, 640, 4.559813948747303e-06, 0.014366412535309792, 0.015345223248004913, 0.01459140463599137]
[6, 6, 6, 3264, 544, 4.504870030716263e-06, 0.014458395540714264, 0.01807253621518612, 0.01470389578025788]
[3, 3, 3, 3280, 1136, 4.690760610307135e-06, 0.015385694801807404, 0.015385694801807404, 0.015385694801807404]
[3, 3, 3, 3312, 1136, 4.673335062348901e-06, 0.015478085726499557, 0.015478085726499557, 0.015478085726499557]
[6, 6, 6, 3360, 560, 4.319100775146148e-06, 0.014487486332654953, 0.014588404446840286, 0.014512178604491055]
[6, 6, 6, 3456, 576, 4.269825661106518e-06, 0.014527084305882454, 0.017903678119182587, 0.014756517484784126]
[6, 6, 6, 3552, 592, 4.166709832052138e-06, 0.014570606872439384, 0.01787388138473034, 0.014800153323449194]
[6, 6, 6, 3648, 608, 4.010626645666841e-06, 0.014600025489926338, 0.014732714742422104, 0.014630766003392637]
[6, 6, 6, 3648, 624, 4.054900747285145e-06, 0.014615928754210472, 0.015271712094545364, 0.01479227792609621]
[6, 6, 6, 3664, 624, 3.992556662094038e-06, 0.014607148244976997, 0.014654017984867096, 0.014628727609912554]
[6, 6, 6, 3680, 624, 4.03182123279298e-06, 0.014768257737159729, 0.014974767342209816, 0.014837102136678167]
[7, 7, 7, 3696, 528, 4.0348063541064245e-06, 0.014770889654755592, 0.015553975477814674, 0.014912644284777343]
[6, 6, 6, 3744, 624, 3.91930597809414e-06, 0.014645284041762352, 0.01471790112555027, 0.01467388158198446]
[6, 6, 6, 3744, 640, 4.135270272375918e-06, 0.014645436778664589, 0.02439030073583126, 0.015482451899775438]
[6, 6, 6, 3760, 640, 3.900821603789337e-06, 0.014652157202363014, 0.014728778973221779, 0.014667089230247907]
[6, 6, 6, 3776, 640, 3.937205928885186e-06, 0.014815226197242737, 0.015010373666882515, 0.014866889587470464]
[7, 7, 7, 3808, 544, 3.968999446457753e-06, 0.014837672933936119, 0.018312403932213783, 0.015113949892111123]
[6, 6, 6, 3840, 640, 3.8578528411952516e-06, 0.014682501554489136, 0.015386257320642471, 0.014814154910189765]
[7, 7, 7, 3920, 560, 3.8630233742581794e-06, 0.014893880113959312, 0.01787564717233181, 0.015143051627092063]
[7, 7, 7, 4032, 576, 3.773950719198818e-06, 0.01487765833735466, 0.018889376893639565, 0.015216569299809635]
[7, 7, 7, 4144, 592, 3.6532618015515528e-06, 0.014933150261640549, 0.017158055678009987, 0.015139116905629635]
[8, 8, 8, 4224, 528, 3.6187424980611964e-06, 0.015037691220641136, 0.017140977084636688, 0.015285568311810493]
[7, 7, 7, 4224, 624, 3.603357669422309e-06, 0.014968464151024818, 0.016677500680088997, 0.015220582795639833]
[7, 7, 7, 4240, 624, 3.570391536852349e-06, 0.014998717233538628, 0.016006004065275192, 0.015138460116253959]
[7, 7, 7, 4256, 608, 3.5519070185447825e-06, 0.014959799125790596, 0.016419975087046623, 0.015116916270926595]
[7, 7, 7, 4256, 624, 3.605662322227369e-06, 0.01510227657854557, 0.016594119369983673, 0.015345698843399683]
[7, 7, 7, 4272, 624, 3.6679254980433054e-06, 0.01506650447845459, 0.016632376238703728, 0.015669377727641]
[7, 7, 7, 4336, 640, 3.631024551385579e-06, 0.015010124072432518, 0.024112945422530174, 0.01574412245480787]
[8, 8, 8, 4352, 544, 3.795978580669993e-06, 0.015069542452692986, 0.03737516514956951, 0.01652009878307581]
[7, 7, 7, 4352, 640, 3.4705121872336175e-06, 0.01504175178706646, 0.015223270282149315, 0.015103669038840703]
[7, 7, 7, 4368, 624, 3.86665682453362e-06, 0.015014749020338058, 0.043649861589074135, 0.01688955700956285]
[7, 7, 7, 4368, 640, 3.490735416572048e-06, 0.015146952122449875, 0.015391550958156586, 0.015247532299586706]
[4, 4, 4, 4384, 1136, 3.6595555797328046e-06, 0.016043491661548615, 0.016043491661548615, 0.016043491661548615]
[7, 7, 7, 4384, 640, 3.4547149911678248e-06, 0.015102263540029526, 0.0151952113956213, 0.015145470521279744]
[7, 7, 7, 4480, 640, 3.4150821323107397e-06, 0.01512196846306324, 0.01590655744075775, 0.015299567952752113]
[8, 8, 8, 4480, 560, 3.3892885767272675e-06, 0.01512211188673973, 0.015430120751261711, 0.015184012823738158]
[8, 8, 8, 4608, 576, 3.306706301171087e-06, 0.015183493494987488, 0.015513548627495766, 0.015237302635796368]
[8, 8, 8, 4736, 592, 3.55297074624891e-06, 0.015220511704683304, 0.03924025222659111, 0.01682686945423484]
[9, 9, 9, 4752, 528, 3.300535057315459e-06, 0.01540081761777401, 0.01830902323126793, 0.01568414259236306]
[8, 8, 8, 4800, 624, 3.219977564488848e-06, 0.015270669013261795, 0.016496920958161354, 0.01545589230954647]
[8, 8, 8, 4816, 624, 3.196555757039079e-06, 0.015260761603713036, 0.016309639438986778, 0.015394612525900206]
[8, 8, 8, 4832, 624, 3.2308307387938037e-06, 0.015450632199645042, 0.016635999083518982, 0.01561137412985166]
[8, 8, 8, 4864, 608, 3.1548529717072503e-06, 0.015271279960870743, 0.015651317313313484, 0.015345204854384065]
[8, 8, 8, 4864, 624, 3.2576465041768788e-06, 0.015568913891911507, 0.016841620206832886, 0.015845192596316338]
[9, 9, 9, 4896, 544, 3.221303047087299e-06, 0.01539279893040657, 0.019558269530534744, 0.015771499718539417]
[8, 8, 8, 4928, 640, 3.154608549898054e-06, 0.015319503843784332, 0.017927074804902077, 0.015545910933897608]
[8, 8, 8, 4944, 640, 3.101423979528899e-06, 0.015309292823076248, 0.01537616178393364, 0.015333440154790878]
[8, 8, 8, 4960, 640, 4.129620721726785e-06, 0.01545051857829094, 0.049966633319854736, 0.020482918779764856]
[8, 8, 8, 4976, 640, 3.138919798148215e-06, 0.015619264915585518, 0.015619264915585518, 0.015619264915585518]
[8, 8, 8, 4992, 624, 3.0988354550432773e-06, 0.015329040586948395, 0.01571841537952423, 0.01546938659157604]
[8, 8, 8, 4992, 640, 3.12413090469841e-06, 0.015427865087985992, 0.015788812190294266, 0.015595661476254463]
[9, 9, 9, 5040, 560, 3.2034088646815647e-06, 0.015547852963209152, 0.024004170671105385, 0.016145180677995086]
[8, 8, 8, 5120, 640, 3.066882501505981e-06, 0.015486989170312881, 0.016613515093922615, 0.01570243840771062]
[9, 9, 9, 5184, 576, 3.3670433221692447e-06, 0.015552766621112823, 0.04397125355899334, 0.017454752582125366]
[10, 10, 10, 5280, 528, 2.9847708047424076e-06, 0.015576986595988274, 0.01682780124247074, 0.015759589849039912]
[9, 9, 9, 5328, 592, 2.9525826821472863e-06, 0.01561158336699009, 0.01587166264653206, 0.015731360530480742]
[9, 9, 9, 5360, 624, 2.922968912690532e-06, 0.015538040548563004, 0.016514789313077927, 0.01566711337202125]
[9, 9, 9, 5376, 624, 3.090697829118836e-06, 0.015587400645017624, 0.02417270466685295, 0.016615591529342864]
[9, 9, 9, 5392, 624, 3.1278690137767456e-06, 0.015739446505904198, 0.024636751040816307, 0.016865469722284213]
[9, 9, 9, 5408, 624, 2.982057724392959e-06, 0.015634309500455856, 0.01714729331433773, 0.016126968173517123]
[10, 10, 10, 5440, 544, 2.888884623911615e-06, 0.015641188248991966, 0.01642659492790699, 0.015715532354079187]
[9, 9, 9, 5472, 608, 2.879942502664424e-06, 0.01568293198943138, 0.01585732400417328, 0.015759045374579728]
[9, 9, 9, 5504, 640, 2.89501163039505e-06, 0.015594389289617538, 0.0174429789185524, 0.015934144013694355]
[9, 9, 9, 5520, 640, 2.8523903313106385e-06, 0.01566396839916706, 0.015849536284804344, 0.015745194628834724]
[9, 9, 9, 5536, 640, 2.8710821078218133e-06, 0.01578046754002571, 0.01613537222146988, 0.015894310548901558]
[9, 9, 9, 5552, 640, 2.9383436671257658e-06, 0.015711799263954163, 0.019783305004239082, 0.016313684039882252]
[10, 10, 10, 5600, 560, 2.902055130107328e-06, 0.015693314373493195, 0.019370393827557564, 0.01625150872860104]
[9, 9, 9, 5616, 624, 2.8172665631512653e-06, 0.015743762254714966, 0.015890901908278465, 0.015821769018657506]
[9, 9, 9, 5760, 640, 2.7732190487551545e-06, 0.015829840674996376, 0.016573604196310043, 0.01597374172082969]
[10, 10, 10, 5760, 576, 2.747248314941923e-06, 0.015770675614476204, 0.015982402488589287, 0.015824150294065475]
[11, 11, 11, 5808, 528, 2.752888709442695e-06, 0.015874464064836502, 0.016450408846139908, 0.015988777624443173]
[10, 10, 10, 5920, 592, 2.823373703191661e-06, 0.015845181420445442, 0.028809648007154465, 0.016714372322894633]
[10, 10, 10, 5920, 624, 2.6829120166062775e-06, 0.015863943845033646, 0.01590275578200817, 0.015882839138309162]
[10, 10, 10, 5936, 624, 2.6736940307736253e-06, 0.015849506482481956, 0.015894073992967606, 0.01587104776667224]
[10, 10, 10, 5952, 624, 2.6993381316810315e-06, 0.016057902947068214, 0.0160763431340456, 0.0160664605597655]
[11, 11, 11, 5984, 544, 2.670780547650501e-06, 0.01592371240258217, 0.016254529356956482, 0.0159819507971406]
[10, 10, 10, 5984, 624, 2.6907107227803406e-06, 0.01597454957664013, 0.01627819612622261, 0.01610121296511756]
[10, 10, 10, 6080, 608, 2.622411174295274e-06, 0.015883352607488632, 0.016126450151205063, 0.015944259939715266]
[10, 10, 10, 6080, 640, 2.6773523514796244e-06, 0.015908896923065186, 0.019215038046240807, 0.016278302296996117]
[10, 10, 10, 6096, 640, 2.613353520634584e-06, 0.01590740494430065, 0.015976624563336372, 0.015931003061788424]
[10, 10, 10, 6112, 640, 2.640486007351526e-06, 0.01611972227692604, 0.016178835183382034, 0.016138650476932526]
[10, 10, 10, 6128, 640, 2.6205581352698272e-06, 0.016058780252933502, 0.016058780252933502, 0.016058780252933502]
[10, 10, 10, 6144, 640, 2.623286945890868e-06, 0.016041649505496025, 0.01627199538052082, 0.016117474995553493]
[11, 11, 11, 6160, 560, 2.6103703104044228e-06, 0.015997201204299927, 0.016405949369072914, 0.016079881112091243]
[10, 10, 10, 6240, 624, 2.5780592039108085e-06, 0.015956632792949677, 0.016895901411771774, 0.016087089432403445]
[11, 11, 11, 6336, 576, 2.669273556540532e-06, 0.016059579327702522, 0.02853965200483799, 0.01691251725424081]
[12, 12, 12, 6336, 528, 2.8282195882932896e-06, 0.01619909144937992, 0.04167725145816803, 0.017919599311426282]
[10, 10, 10, 6400, 640, 2.548869399886046e-06, 0.016036130487918854, 0.017678484320640564, 0.016312764159270694]
[11, 11, 11, 6480, 624, 2.5110669939974207e-06, 0.016208872199058533, 0.01642484776675701, 0.016271714121103287]
[11, 11, 11, 6496, 624, 2.5346497908238673e-06, 0.016315719112753868, 0.016631508246064186, 0.016465085041191842]
[11, 11, 11, 6512, 592, 2.4937444077049557e-06, 0.016174471005797386, 0.016370248049497604, 0.016239263582974672]
[11, 11, 11, 6512, 624, 2.6802450823748888e-06, 0.017001083120703697, 0.01827138103544712, 0.017453755976425275]
[12, 12, 12, 6528, 544, 2.514654107810701e-06, 0.01627480797469616, 0.016910402104258537, 0.016415662015788257]
[11, 11, 11, 6640, 640, 2.9815381341541695e-06, 0.01777881570160389, 0.02698170393705368, 0.019797413210783685]
[11, 11, 11, 6656, 640, 2.452384141289148e-06, 0.016272831708192825, 0.016445636749267578, 0.016323068844420568]
[11, 11, 11, 6672, 640, 2.474038877325664e-06, 0.016382232308387756, 0.01666751690208912, 0.01650678738951683]
[11, 11, 11, 6688, 608, 2.4395101361420076e-06, 0.01624402031302452, 0.016457747668027878, 0.016315443790517747]
[11, 11, 11, 6688, 640, 2.5941252276194437e-06, 0.01631164364516735, 0.021287444978952408, 0.01734950952231884]
[12, 12, 12, 6720, 560, 2.4526292344533083e-06, 0.016343077644705772, 0.016782596707344055, 0.016481668455526233]
[11, 11, 11, 6864, 624, 2.3815879179816043e-06, 0.01627017743885517, 0.016501186415553093, 0.01634721946902573]
[13, 13, 13, 6864, 528, 2.426237688374886e-06, 0.016495300456881523, 0.01705380342900753, 0.016653695493005216]
[12, 12, 12, 6912, 576, 2.376978837101315e-06, 0.01638265699148178, 0.016525717452168465, 0.01642967772204429]
[12, 12, 12, 7024, 624, 2.343090593115238e-06, 0.016447167843580246, 0.0164803396910429, 0.016457868326041434]
[11, 11, 11, 7040, 640, 2.3565061961893333e-06, 0.016366755589842796, 0.017266634851694107, 0.016589803621172905]
[12, 12, 12, 7040, 624, 2.3748810906339475e-06, 0.0166629571467638, 0.016893845051527023, 0.01671916287806299]
[13, 13, 13, 7072, 544, 2.348870827818534e-06, 0.016522670164704323, 0.016892746090888977, 0.01661121449433267]
[12, 12, 12, 7072, 624, 2.3551162881537893e-06, 0.016510216519236565, 0.016825569793581963, 0.016655382389823597]
[12, 12, 12, 7104, 592, 2.457854255529431e-06, 0.016483260318636894, 0.029259314760565758, 0.017460596631281078]
[12, 12, 12, 7200, 640, 2.32933351533517e-06, 0.016527339816093445, 0.017949122935533524, 0.016771201310413226]
[12, 12, 12, 7216, 640, 2.2887516298322766e-06, 0.016501547768712044, 0.016554249450564384, 0.016515631760869707]
[12, 12, 12, 7232, 640, 2.3130917192852376e-06, 0.01662846840918064, 0.016824785619974136, 0.016728279313870838]
[12, 12, 12, 7248, 640, 6.245863706153092e-06, 0.04527002014219761, 0.04527002014219761, 0.04527002014219761]
[12, 12, 12, 7264, 640, 2.3117450749017463e-06, 0.016648264601826668, 0.017100386321544647, 0.016792516224086285]
[13, 13, 13, 7280, 560, 2.3123010088546344e-06, 0.016585059463977814, 0.019341839477419853, 0.01683355134446174]
[12, 12, 12, 7296, 608, 2.2913198080730806e-06, 0.016526097431778908, 0.017161371186375618, 0.016717469319701195]
[14, 14, 14, 7392, 528, 2.340521367727396e-06, 0.01708514802157879, 0.019222380593419075, 0.01730113395024091]
[12, 12, 12, 7488, 624, 2.2283596384416646e-06, 0.01660969667136669, 0.016773024573922157, 0.016685956972651184]
[13, 13, 13, 7488, 576, 2.4117601623223363e-06, 0.016660409048199654, 0.03814525529742241, 0.018059260095469654]
[13, 13, 13, 7568, 624, 2.2529059800518237e-06, 0.01687336340546608, 0.01738828979432583, 0.017049992457032204]
[13, 13, 13, 7584, 624, 2.481592914060743e-06, 0.017505396157503128, 0.022750290110707283, 0.018820400660236675]
[14, 14, 14, 7616, 544, 2.2872937894563245e-06, 0.017100375145673752, 0.02102382481098175, 0.017420029500499368]
[12, 12, 12, 7680, 640, 2.2669858091311264e-06, 0.01671464554965496, 0.019790850579738617, 0.01741045101412705]
[13, 13, 13, 7696, 592, 2.1882221523116645e-06, 0.016779785975813866, 0.017003824934363365, 0.01684055768419057]
[13, 13, 13, 7760, 640, 2.206029817571696e-06, 0.016832834109663963, 0.018231090158224106, 0.017118791384356364]
[13, 13, 13, 7776, 640, 2.191117002427806e-06, 0.01694013550877571, 0.017134372144937515, 0.01703812581087862]
[13, 13, 13, 7792, 640, 2.2985760669474484e-06, 0.01760517805814743, 0.018284376710653305, 0.017910504713654518]
[14, 14, 14, 7840, 560, 2.201407291327736e-06, 0.017180806025862694, 0.01765953004360199, 0.017259033164009452]
[13, 13, 13, 7904, 608, 2.138600629322638e-06, 0.016794387251138687, 0.017211992293596268, 0.01690349937416613]
[15, 15, 15, 7920, 528, 2.1946757433305713e-06, 0.01729210466146469, 0.018094103783369064, 0.017381831887178123]
[14, 14, 14, 8064, 576, 2.143952539001244e-06, 0.017244411632418633, 0.017456499859690666, 0.017288833274506032]
[14, 14, 14, 8096, 624, 2.157952117851862e-06, 0.017311139032244682, 0.017687546089291573, 0.017470780346128676]
[13, 13, 13, 8112, 624, 2.1103618281233976e-06, 0.01691378466784954, 0.017863953486084938, 0.017119255149737]
[14, 14, 14, 8128, 624, 2.1433605823082455e-06, 0.017306385561823845, 0.017551161348819733, 0.01742123481300142]
[15, 15, 15, 8160, 544, 2.296933748499107e-06, 0.017340542748570442, 0.03934881649911404, 0.018742979387752712]
[14, 14, 14, 8288, 592, 2.0915762588523803e-06, 0.01730937510728836, 0.017389122396707535, 0.017334984033368528]
[14, 14, 14, 8304, 640, 2.124883302946557e-06, 0.017311986535787582, 0.01923469826579094, 0.01764503094766821]
[13, 13, 13, 8320, 640, 2.6300600678711146e-06, 0.017177991569042206, 0.047512833029031754, 0.021882099764687673]
[14, 14, 14, 8320, 640, 2.114680547082981e-06, 0.017544439062476158, 0.017682425677776337, 0.017594142151730403]
[14, 14, 14, 8336, 640, 2.111967665549089e-06, 0.017605362460017204, 0.017605362460017204, 0.017605362460017204]
[14, 14, 14, 8352, 640, 2.1064828392617774e-06, 0.017375852912664413, 0.01772291213274002, 0.017593344673514366]
[15, 15, 15, 8400, 560, 2.090340075526564e-06, 0.017434703186154366, 0.017859863117337227, 0.017558856634423137]
[16, 16, 16, 8448, 528, 2.168775856923524e-06, 0.01744171604514122, 0.029832832515239716, 0.018321818439289927]
[14, 14, 14, 8512, 608, 2.0463170571895174e-06, 0.01736731454730034, 0.017532851547002792, 0.017418250790797174]
[15, 15, 15, 8624, 624, 2.0692258056885212e-06, 0.017587177455425262, 0.01830735057592392, 0.017845003348257806]
[15, 15, 15, 8640, 576, 2.0285205445597292e-06, 0.01748739928007126, 0.017589380964636803, 0.01752641750499606]
[16, 16, 16, 8704, 544, 2.021250218283111e-06, 0.017493542283773422, 0.017754962667822838, 0.0175929618999362]
[14, 14, 14, 8736, 624, 2.019654624373055e-06, 0.017455123364925385, 0.019804274663329124, 0.01764370279852301]
[15, 15, 15, 8848, 640, 2.559848572193683e-06, 0.017724864184856415, 0.04878254607319832, 0.02264954016676971]
[15, 15, 15, 8864, 640, 2.0693434950381196e-06, 0.017823435366153717, 0.019518796354532242, 0.01834266074001789]
[15, 15, 15, 8880, 592, 1.979460019454662e-06, 0.017549972981214523, 0.017642440274357796, 0.0175776049727574]
[14, 14, 14, 8960, 640, 1.989169152006887e-06, 0.017545141279697418, 0.018692180514335632, 0.01782295560198171]
[16, 16, 16, 8960, 560, 1.979701924678271e-06, 0.017608312889933586, 0.01824176497757435, 0.017738129245117307]
[17, 17, 17, 8976, 528, 1.9729842942120064e-06, 0.01759093999862671, 0.018507562577724457, 0.01770950702484697]
[15, 15, 15, 9120, 608, 2.0889617173867135e-06, 0.017621001228690147, 0.0390571653842926, 0.01905133086256683]
[16, 16, 16, 9152, 624, 1.9597505657443747e-06, 0.017831159755587578, 0.018078848719596863, 0.017935637177692518]
[16, 16, 16, 9216, 576, 1.943265109124089e-06, 0.01769542135298252, 0.018510082736611366, 0.017909131245687604]
[17, 17, 17, 9248, 544, 1.9149173658976015e-06, 0.01767342910170555, 0.017873628064990044, 0.01770915579982102]
[15, 15, 15, 9360, 624, 1.89662213003438e-06, 0.017720449715852737, 0.017856517806649208, 0.017752383137121797]
[16, 16, 16, 9376, 640, 1.946517109901788e-06, 0.017822224646806717, 0.020167848095297813, 0.018250544422439167]
[16, 16, 16, 9392, 640, 1.9048061380496016e-06, 0.01788993924856186, 0.01788993924856186, 0.01788993924856186]
[16, 16, 16, 9408, 640, 1.97280080468434e-06, 0.017897028475999832, 0.02111540362238884, 0.01856010997047027]
[16, 16, 16, 9472, 592, 1.9078248761935676e-06, 0.01776348054409027, 0.020391764119267464, 0.018070917227305472]
[18, 18, 18, 9504, 528, 1.9245654716343e-06, 0.017924878746271133, 0.020262613892555237, 0.01829107024241239]
[17, 17, 17, 9520, 560, 2.0115316146984696e-06, 0.01776633970439434, 0.03900327906012535, 0.01914978097192943]
[15, 15, 15, 9600, 640, 1.872568003212412e-06, 0.01777401752769947, 0.01886669546365738, 0.017976652830839157]
[16, 16, 16, 9728, 608, 1.8557864103441763e-06, 0.017834149301052094, 0.018700173124670982, 0.018053090199828148]
[17, 17, 17, 9792, 576, 1.8254167372147779e-06, 0.01784670725464821, 0.01790422759950161, 0.017874480690807104]
[18, 18, 18, 9792, 544, 1.8573361136029882e-06, 0.01803583651781082, 0.018312284722924232, 0.01818703522440046]
[17, 17, 17, 9904, 640, 1.8950669103947518e-06, 0.01816733181476593, 0.020697763189673424, 0.01876874268054962]
[16, 16, 16, 9984, 624, 1.8065510024219595e-06, 0.017922749742865562, 0.018339473754167557, 0.018036605208180845]
[19, 19, 19, 10032, 528, 1.927154833834137e-06, 0.018049756065011024, 0.037564415484666824, 0.019333217293024063]
[17, 17, 17, 10064, 592, 1.793364290553715e-06, 0.017983246594667435, 0.018592679873108864, 0.01804841822013259]
[18, 18, 18, 10080, 560, 1.8241671135737783e-06, 0.018134906888008118, 0.020277954638004303, 0.018387604504823685]
[16, 16, 16, 10240, 640, 1.784740067835498e-06, 0.01801827736198902, 0.019363032653927803, 0.0182757382946355]
[17, 17, 17, 10336, 608, 1.933088932231778e-06, 0.018079295754432678, 0.03838350623846054, 0.019980407203547657]
[19, 19, 19, 10336, 544, 1.7587573707410807e-06, 0.018147006630897522, 0.018313651904463768, 0.01817851618397981]
[18, 18, 18, 10368, 576, 1.842790464443057e-06, 0.018332211300730705, 0.024262569844722748, 0.019106051535345614]
[18, 18, 18, 10432, 640, 1.7778551268366553e-06, 0.01827976480126381, 0.018871475011110306, 0.01854658468315999]
[20, 20, 20, 10560, 528, 1.7589413552989505e-06, 0.01831633970141411, 0.019168110564351082, 0.018574420711956918]
[17, 17, 17, 10608, 624, 1.7297085420071214e-06, 0.018178854137659073, 0.018862346187233925, 0.018348748213611543]
[19, 19, 19, 10640, 560, 1.718586068285307e-06, 0.018258696421980858, 0.018329063430428505, 0.018285755766555667]
[18, 18, 18, 10656, 592, 1.7428660189156776e-06, 0.018437182530760765, 0.01926555670797825, 0.01857198029756546]
[17, 17, 17, 10880, 640, 1.721464130761368e-06, 0.01831222139298916, 0.020087771117687225, 0.018729529742683684]
[20, 20, 20, 10880, 544, 1.6990329052479115e-06, 0.01845807582139969, 0.018586548045277596, 0.018485478009097278]
[18, 18, 18, 10944, 608, 1.7051741302800392e-06, 0.018476644530892372, 0.018867287784814835, 0.01866142568178475]
[19, 19, 19, 10944, 576, 1.817956930268093e-06, 0.01844417303800583, 0.03031194396317005, 0.01989572064485401]
[21, 21, 21, 11088, 528, 1.6833740369850852e-06, 0.018580956384539604, 0.019122179597616196, 0.018665251322090626]
[20, 20, 20, 11200, 560, 1.7557979299454018e-06, 0.018584296107292175, 0.032299768179655075, 0.0196649368153885]
[18, 18, 18, 11232, 624, 1.796983829430806e-06, 0.01858828030526638, 0.04104321822524071, 0.020183722372166812]
[19, 19, 19, 11248, 592, 1.6572674388459395e-06, 0.018559681251645088, 0.018786394968628883, 0.018640944152139127]
[21, 21, 21, 11424, 544, 1.6447888645350004e-06, 0.018694572150707245, 0.01920383609831333, 0.018790067988447845]
[18, 18, 18, 11520, 640, 1.6529347963764199e-06, 0.018669601529836655, 0.020375460386276245, 0.019041808854256357]
[20, 20, 20, 11520, 576, 1.6274080634401698e-06, 0.018663644790649414, 0.018881434574723244, 0.018747740890830755]
[19, 19, 19, 11552, 608, 1.6230176022525237e-06, 0.018702417612075806, 0.018887026235461235, 0.018749099341221154]
[22, 22, 22, 11616, 528, 1.7588548766341338e-06, 0.019923662766814232, 0.021078631281852722, 0.020430858246982098]
[21, 21, 21, 11760, 560, 1.631754345171863e-06, 0.019005589187145233, 0.019770503044128418, 0.01918943109922111]
[20, 20, 20, 11840, 592, 1.6042223767333388e-06, 0.018814684823155403, 0.02043040469288826, 0.01899399294052273]
[19, 19, 19, 11856, 624, 1.5983945443753691e-06, 0.018730947747826576, 0.020459571853280067, 0.018950565718114376]
[22, 22, 22, 11968, 544, 1.7546806965374392e-06, 0.019049562513828278, 0.03737029246985912, 0.021000018576160073]
[21, 21, 21, 12096, 576, 1.5932060638011468e-06, 0.019118528813123703, 0.019415825605392456, 0.01927142054773867]
[23, 23, 23, 12144, 528, 1.585125899842998e-06, 0.019150124862790108, 0.019756704568862915, 0.019249768927693367]
[19, 19, 19, 12160, 640, 1.623068587798485e-06, 0.018835995346307755, 0.02256413735449314, 0.01973651402762958]
[20, 20, 20, 12160, 608, 1.5832900029827694e-06, 0.018940221518278122, 0.0229613296687603, 0.019252806436270475]
[22, 22, 22, 12320, 560, 1.5637523822740397e-06, 0.01913396082818508, 0.019485438242554665, 0.01926542934961617]
[21, 21, 21, 12432, 592, 1.561961125446414e-06, 0.019260326400399208, 0.019510764628648758, 0.01941830071154982]
[20, 20, 20, 12480, 624, 1.5519032156309828e-06, 0.01905466988682747, 0.0226482804864645, 0.019367752131074667]
[23, 23, 23, 12512, 544, 1.5459968508971507e-06, 0.019248221069574356, 0.01979214698076248, 0.01934351259842515]
[22, 22, 22, 12672, 576, 1.530196926188467e-06, 0.01925240084528923, 0.019608624279499054, 0.019390655448660254]
[24, 24, 24, 12672, 528, 1.561672525904306e-06, 0.01951122097671032, 0.0225155558437109, 0.019789514248259366]
[21, 21, 21, 12768, 608, 1.5333291440198484e-06, 0.019490936771035194, 0.019654924049973488, 0.019577546510845423]
[20, 20, 20, 12800, 640, 1.5158345507058714e-06, 0.019164718687534332, 0.020713383331894875, 0.019402682249035155]
[23, 23, 23, 12880, 560, 1.6426473786556942e-06, 0.019393982365727425, 0.046488529071211815, 0.021157298237085342]
[22, 22, 22, 13024, 592, 1.5560568629103857e-06, 0.01942092925310135, 0.025463072583079338, 0.020266084582544863]
[24, 24, 24, 13056, 544, 1.5124202910359885e-06, 0.019641930237412453, 0.020300613716244698, 0.019746159319765866]
[21, 21, 21, 13104, 624, 1.5092721433232063e-06, 0.019485894590616226, 0.021133676171302795, 0.019777502166107297]
[25, 25, 25, 13200, 528, 1.5234484806459285e-06, 0.01980006881058216, 0.020588351413607597, 0.020109519944526255]
[23, 23, 23, 13248, 576, 1.4755232725011248e-06, 0.019511718302965164, 0.01960749924182892, 0.0195477323140949]
[22, 22, 22, 13376, 608, 1.5147095436812935e-06, 0.019863542169332504, 0.022212516516447067, 0.020260754856280982]
[21, 21, 21, 13440, 640, 1.4852101045033457e-06, 0.019587405025959015, 0.021407973021268845, 0.019961223804524968]
[24, 24, 24, 13440, 560, 1.4837779980596331e-06, 0.019766809418797493, 0.021832175552845, 0.01994197629392147]
[25, 25, 25, 13600, 544, 1.5216483135351582e-06, 0.019910776987671852, 0.028491534292697906, 0.020694417064078152]
[23, 23, 23, 13616, 592, 1.4473336596111958e-06, 0.01966760866343975, 0.019934935495257378, 0.019706895109266043]
[22, 22, 22, 13728, 624, 1.4974774126183797e-06, 0.019991982728242874, 0.025275075808167458, 0.020557369920425117]
[26, 26, 26, 13728, 528, 1.5045008487106107e-06, 0.020396944135427475, 0.02252865955233574, 0.020653787651099265]
[24, 24, 24, 13824, 576, 1.443657563666218e-06, 0.019899778068065643, 0.020109327509999275, 0.0199571221601218]
[23, 23, 23, 13984, 608, 1.5256447452882377e-06, 0.019793108105659485, 0.043088408187031746, 0.021334616118110716]
[25, 25, 25, 14000, 560, 1.4472859662159212e-06, 0.020053649321198463, 0.020594142377376556, 0.020262003527022898]
[22, 22, 22, 14080, 640, 1.4818172188258018e-06, 0.020057830959558487, 0.02382759191095829, 0.020863986441067288]
[26, 26, 26, 14144, 544, 1.470858692568179e-06, 0.020501000806689262, 0.023959115147590637, 0.020803825347684324]
[24, 24, 24, 14208, 592, 1.4282048485600516e-06, 0.02008778601884842, 0.022817524150013924, 0.020291934488341212]
[27, 27, 27, 14256, 528, 1.4488787435890958e-06, 0.020409172400832176, 0.021424289792776108, 0.02065521536860615]
[23, 23, 23, 14352, 624, 1.39232941480341e-06, 0.019936436787247658, 0.02014283277094364, 0.019982711761258543]
[25, 25, 25, 14400, 576, 1.4206160024817411e-06, 0.02016780525445938, 0.021306214854121208, 0.020456870435737073]
[26, 26, 26, 14560, 560, 1.4356313900802039e-06, 0.020661480724811554, 0.022940214723348618, 0.02090279303956777]
[24, 24, 24, 14592, 608, 1.3890415478575353e-06, 0.02021913416683674, 0.020405344665050507, 0.020268894266337156]
[27, 27, 27, 14688, 544, 1.4096476423730647e-06, 0.020456090569496155, 0.02107483521103859, 0.020704904571175575]
[23, 23, 23, 14720, 640, 1.38048079697797e-06, 0.020071513950824738, 0.021574098616838455, 0.02032067733151572]
[28, 28, 28, 14784, 528, 1.4451231487580168e-06, 0.02086358331143856, 0.024997051805257797, 0.02136470063123852]
[25, 25, 25, 14800, 592, 1.3878761721472885e-06, 0.020335784181952477, 0.02100207470357418, 0.02054056734777987]
[24, 24, 24, 14976, 624, 1.3663107488860583e-06, 0.020350303500890732, 0.021635789424180984, 0.02046186977531761]
[26, 26, 26, 14976, 576, 1.3983307847092485e-06, 0.020801449194550514, 0.021323436871170998, 0.020941401831805706]
[27, 27, 27, 15120, 560, 1.4568364051190359e-06, 0.020573968067765236, 0.03984852507710457, 0.02202736644539982]
[25, 25, 25, 15200, 608, 1.3664514086772934e-06, 0.020643072202801704, 0.02098209597170353, 0.020770061411894858]
[28, 28, 28, 15232, 544, 1.3964644105206908e-06, 0.020989399403333664, 0.024900032207369804, 0.021270945901051164]
[29, 29, 29, 15312, 528, 1.4514956632925853e-06, 0.021308237686753273, 0.027932707220315933, 0.022225301596336067]
[24, 24, 24, 15360, 640, 1.350285778503998e-06, 0.020489992573857307, 0.022186091169714928, 0.02074038955782141]
[26, 26, 26, 15392, 592, 1.39108088204885e-06, 0.020971840247511864, 0.0263541080057621, 0.0214115169364959]
[27, 27, 27, 15552, 576, 1.349073544936542e-06, 0.02075268141925335, 0.021276099607348442, 0.020980791770853102]
[25, 25, 25, 15600, 624, 1.3434584924163153e-06, 0.020790237933397293, 0.02138681150972843, 0.02095795248169452]
[28, 28, 28, 15680, 560, 1.3545681027533981e-06, 0.021134380251169205, 0.021482398733496666, 0.02123962785117328]
[29, 29, 29, 15776, 544, 1.5437258178421105e-06, 0.021354416385293007, 0.06566696800291538, 0.024353818502277136]
[26, 26, 26, 15808, 608, 1.3636354896544408e-06, 0.021138494834303856, 0.02599926106631756, 0.0215563498204574]
[30, 30, 30, 15840, 528, 1.3505602831660647e-06, 0.021268131211400032, 0.02181672304868698, 0.021392874885350466]
[27, 27, 27, 15984, 592, 1.3242399301827401e-06, 0.020931676030158997, 0.021470900624990463, 0.02116665104404092]
[25, 25, 25, 16000, 640, 1.331482914143375e-06, 0.021028835326433182, 0.02267475798726082, 0.021303726626294]
[28, 28, 28, 16128, 576, 1.3253878831973352e-06, 0.021298816427588463, 0.021538587287068367, 0.02137585578020662]
[26, 26, 26, 16224, 624, 1.3253173297886503e-06, 0.021169135347008705, 0.023594098165631294, 0.021501948358491063]
[29, 29, 29, 16240, 560, 1.3444713690189708e-06, 0.021702205762267113, 0.021960439160466194, 0.021834215032868087]
[30, 30, 30, 16320, 544, 1.3178645067633695e-06, 0.021407637745141983, 0.02188997156918049, 0.02150754875037819]
[31, 31, 31, 16368, 528, 1.333875747539562e-06, 0.021467257291078568, 0.024353744462132454, 0.02183287823572755]
[27, 27, 27, 16416, 608, 1.408507688117139e-06, 0.021088575944304466, 0.049715183675289154, 0.023122062208130956]
[28, 28, 28, 16576, 592, 1.3102926318933756e-06, 0.021530073136091232, 0.02368488907814026, 0.021719410666264594]
[26, 26, 26, 16640, 640, 1.3180556489605006e-06, 0.021438153460621834, 0.023782625794410706, 0.02193244599870273]
[29, 29, 29, 16704, 576, 1.311499130735049e-06, 0.021752798929810524, 0.022113244980573654, 0.021907281479798257]
[30, 30, 30, 16800, 560, 1.2907491154259159e-06, 0.02160174585878849, 0.021946091204881668, 0.021684585139155388]
[27, 27, 27, 16848, 624, 1.2744938686502441e-06, 0.02134915255010128, 0.02176573872566223, 0.021472672699019313]
[31, 31, 31, 16864, 544, 1.3582223850815775e-06, 0.0216260626912117, 0.04012684524059296, 0.022905062302015722]
[32, 32, 32, 16896, 528, 1.318531248574745e-06, 0.0216964241117239, 0.024187948554754257, 0.02227790397591889]
[28, 28, 28, 17024, 608, 1.2784883205641473e-06, 0.021701404824852943, 0.021961282938718796, 0.021764985169284046]
[29, 29, 29, 17168, 592, 1.2961297249009195e-06, 0.021986359730362892, 0.02277407981455326, 0.022251955117098987]
[27, 27, 27, 17280, 640, 1.2627211781267925e-06, 0.02136765979230404, 0.02320300228893757, 0.021819821958030974]
[30, 30, 30, 17280, 576, 1.2630610163560724e-06, 0.02175707183778286, 0.022006124258041382, 0.02182569436263293]
[31, 31, 31, 17360, 560, 1.2607615326278014e-06, 0.021808672696352005, 0.022059939801692963, 0.021886820206418633]
[32, 32, 32, 17408, 544, 1.3654917451918556e-06, 0.02204858884215355, 0.04574359208345413, 0.023770480300299823]
[33, 33, 33, 17424, 528, 1.2733392715471206e-06, 0.022015923634171486, 0.023272192105650902, 0.02218666346743703]
[28, 28, 28, 17472, 624, 1.2585488738105786e-06, 0.021866342052817345, 0.02262309193611145, 0.02198936592321843]
[29, 29, 29, 17632, 608, 1.3742474253317291e-06, 0.022122057154774666, 0.05237312614917755, 0.024230730603449047]
[30, 30, 30, 17760, 592, 1.2424353052345985e-06, 0.021962281316518784, 0.022357020527124405, 0.02206565102096647]
[31, 31, 31, 17856, 576, 1.2355271939023007e-06, 0.021982422098517418, 0.022173140197992325, 0.022061573574319482]
[28, 28, 28, 17920, 640, 1.2792403511560465e-06, 0.022045359015464783, 0.027812087908387184, 0.022923987092716352]
[32, 32, 32, 17920, 560, 1.2509217477989816e-06, 0.022156450897455215, 0.022591255605220795, 0.02241651772055775]
[33, 33, 33, 17952, 544, 1.2418949901754677e-06, 0.02216043323278427, 0.022531796246767044, 0.022294498863629997]
[34, 34, 34, 17952, 528, 1.2661075937925255e-06, 0.02237490378320217, 0.023268714547157288, 0.022729163523763418]
[29, 29, 29, 18096, 624, 1.24442341613314e-06, 0.022291993722319603, 0.022677533328533173, 0.0225190861383453]
[30, 30, 30, 18240, 608, 1.219315871774023e-06, 0.022141719236969948, 0.022570013999938965, 0.022240321501158178]
[31, 31, 31, 18352, 592, 1.300417929723349e-06, 0.0221762266010046, 0.047688202932477, 0.0238652698462829]
[32, 32, 32, 18432, 576, 1.3084761576465098e-06, 0.022259527817368507, 0.047493064776062965, 0.02411783253774047]
[33, 33, 33, 18480, 560, 1.2180301032202456e-06, 0.022372808307409286, 0.023046614602208138, 0.022509196307510138]
[35, 35, 35, 18480, 528, 1.2386189340271088e-06, 0.02256022021174431, 0.024181682616472244, 0.02288967790082097]
[34, 34, 34, 18496, 544, 1.344664741765102e-06, 0.02271267957985401, 0.0535548310726881, 0.024870919063687325]
[29, 29, 29, 18560, 640, 1.241520002456795e-06, 0.022476522251963615, 0.02530633844435215, 0.023042611245598112]
[30, 30, 30, 18720, 624, 1.1971673224734253e-06, 0.022333137691020966, 0.022581635043025017, 0.022410972276702523]
[31, 31, 31, 18848, 608, 1.191041507279494e-06, 0.02236877754330635, 0.022589324042201042, 0.022448750329203904]
[32, 32, 32, 18944, 592, 1.1977214939720028e-06, 0.02243131585419178, 0.023087337613105774, 0.022689635981805623]
[33, 33, 33, 19008, 576, 1.2027691996433718e-06, 0.02254321798682213, 0.02625342644751072, 0.022862236946821213]
[36, 36, 36, 19008, 528, 1.3012975106064407e-06, 0.02305147610604763, 0.04717160947620869, 0.024735063081607223]
[34, 34, 34, 19040, 560, 1.2180714270280002e-06, 0.023007666692137718, 0.02333163283765316, 0.023192079970613122]
[35, 35, 35, 19040, 544, 1.2071468640400581e-06, 0.022744476795196533, 0.023371780291199684, 0.022984076291322708]
[30, 30, 30, 19200, 640, 1.1871537675948015e-06, 0.022506147623062134, 0.024323444813489914, 0.022793352337820188]
[31, 31, 31, 19344, 624, 1.1898704365009829e-06, 0.022520923987030983, 0.028648125007748604, 0.023016853723675013]
[32, 32, 32, 19456, 608, 1.1765626990573333e-06, 0.02265978418290615, 0.02323547564446926, 0.022891203872859478]
[33, 33, 33, 19536, 592, 1.1674989073786712e-06, 0.022769836708903313, 0.022890184074640274, 0.022808258654549718]
[37, 37, 37, 19536, 528, 1.2083326124191058e-06, 0.023310871794819832, 0.025110404938459396, 0.02360598591621965]
[34, 34, 34, 19584, 576, 1.1938745837397661e-06, 0.02312878705561161, 0.02390122599899769, 0.023380839847959578]
[36, 36, 36, 19584, 544, 1.1898799938434322e-06, 0.023231152445077896, 0.02348468080163002, 0.023302609799429774]
[35, 35, 35, 19600, 560, 1.2724517015455177e-06, 0.022954635322093964, 0.050759537145495415, 0.024940053350292146]
[31, 31, 31, 19840, 640, 1.1617224985381701e-06, 0.02270360477268696, 0.025021588429808617, 0.023048574370997294]
[32, 32, 32, 19968, 624, 1.1902769377532725e-06, 0.022829052060842514, 0.034188924357295036, 0.023767449893057346]
[33, 33, 33, 20064, 608, 1.1591247656676722e-06, 0.022946156561374664, 0.027066228911280632, 0.023256679298356175]
[38, 38, 38, 20064, 528, 1.1822246255979173e-06, 0.023518601432442665, 0.024490157142281532, 0.023720154887996614]
[34, 34, 34, 20128, 592, 1.2100044118676523e-06, 0.02332405187189579, 0.03627537004649639, 0.024354968802072108]
[37, 37, 37, 20128, 544, 1.1716021620649964e-06, 0.02349524013698101, 0.023826096206903458, 0.023582008318044245]
[35, 35, 35, 20160, 576, 1.1643408802300987e-06, 0.02315632440149784, 0.02444283850491047, 0.02347311214543879]
[36, 36, 36, 20160, 560, 1.1648256149205808e-06, 0.02339661307632923, 0.02357427030801773, 0.02348288439679891]
[32, 32, 32, 20480, 640, 1.15194864390235e-06, 0.023048559203743935, 0.025675028562545776, 0.023591908227120127]
[33, 33, 33, 20592, 624, 1.1262800384847637e-06, 0.02314724028110504, 0.02333361655473709, 0.023192358552478254]
[39, 39, 39, 20592, 528, 1.1807065193429908e-06, 0.02379867620766163, 0.02819201536476612, 0.024313108646310866]
[34, 34, 34, 20672, 608, 1.1509776754440283e-06, 0.023498771712183952, 0.02443203143775463, 0.023793010506778955]
[38, 38, 38, 20672, 544, 1.150856721096012e-06, 0.023721447214484215, 0.024033883586525917, 0.023790510138496757]
[35, 35, 35, 20720, 592, 1.1918574466431176e-06, 0.02333982288837433, 0.043537598103284836, 0.024695286294445395]
[37, 37, 37, 20720, 560, 1.160200816960322e-06, 0.023661727085709572, 0.027942651882767677, 0.024039360927417874]
[36, 36, 36, 20736, 576, 1.1756234678973725e-06, 0.023627176880836487, 0.03398453630506992, 0.024377728230319917]
[33, 33, 33, 21120, 640, 1.1202348451617928e-06, 0.0233454592525959, 0.0252714604139328, 0.023659359929817065]
[40, 40, 40, 21120, 528, 1.1555801227752288e-06, 0.024057628586888313, 0.02605496533215046, 0.024405852193012834]
[34, 34, 34, 21216, 624, 1.1340747606697553e-06, 0.023708470165729523, 0.02489047683775425, 0.024060530122369528]
[39, 39, 39, 21216, 544, 1.148035260163905e-06, 0.02400951460003853, 0.02851414680480957, 0.024356716079637408]
[35, 35, 35, 21280, 608, 1.1176241805104722e-06, 0.02356666885316372, 0.024121852591633797, 0.023783042561262846]
[38, 38, 38, 21280, 560, 1.12906456255368e-06, 0.023931536823511124, 0.02430546097457409, 0.02402649389114231]
[36, 36, 36, 21312, 592, 1.1349644360912812e-06, 0.023843666538596153, 0.027045343071222305, 0.024188362061977386]
[37, 37, 37, 21312, 576, 1.1282463783682143e-06, 0.0238984152674675, 0.025152210146188736, 0.02404518681578338]
[41, 41, 41, 21648, 528, 1.1412991288772676e-06, 0.02449365332722664, 0.0253103319555521, 0.024706843541935086]
[34, 34, 34, 21760, 640, 1.1425058992321313e-06, 0.0241859033703804, 0.02686203643679619, 0.024860928367291178]
[40, 40, 40, 21760, 544, 1.1198985328733482e-06, 0.024258406832814217, 0.025157583877444267, 0.02436899207532406]
[35, 35, 35, 21840, 624, 1.097725633524986e-06, 0.023760957643389702, 0.0242997407913208, 0.023974327836185694]
[39, 39, 39, 21840, 560, 1.113498971487085e-06, 0.02421134151518345, 0.02452325075864792, 0.024318817537277937]
[36, 36, 36, 21888, 608, 1.116142870457666e-06, 0.02410939335823059, 0.02576419524848461, 0.024430135148577392]
[38, 38, 38, 21888, 576, 1.108407719074054e-06, 0.024158591404557228, 0.024482998996973038, 0.024260828155092895]
[37, 37, 37, 21904, 592, 1.1171278219525155e-06, 0.024155111983418465, 0.027660243213176727, 0.0244695678120479]
[42, 42, 42, 22176, 528, 1.1274335810324663e-06, 0.024652276188135147, 0.026528244838118553, 0.025001967092975974]
[41, 41, 41, 22304, 544, 1.1197831604039828e-06, 0.024680159986019135, 0.028169142082333565, 0.024975643609650433]
[35, 35, 35, 22400, 640, 1.114691983034112e-06, 0.02395375445485115, 0.027924122288823128, 0.02496910041996411]
[40, 40, 40, 22400, 560, 1.0978360764316415e-06, 0.024519052356481552, 0.024792108684778214, 0.024591528112068772]
[36, 36, 36, 22464, 624, 1.1021820941914744e-06, 0.024321941658854485, 0.0293949656188488, 0.02475941856391728]
[39, 39, 39, 22464, 576, 1.0919940589175579e-06, 0.02441983111202717, 0.024738874286413193, 0.02453055453952402]
[37, 37, 37, 22496, 608, 1.1701392976366445e-06, 0.02430759184062481, 0.05442860536277294, 0.026323453639633954]
[38, 38, 38, 22496, 592, 1.1739924088121122e-06, 0.02437853068113327, 0.05478961765766144, 0.026410133228637278]
[43, 43, 43, 22704, 528, 1.1196181687481775e-06, 0.02491684816777706, 0.026181316003203392, 0.02541981090325862]
[42, 42, 42, 22848, 544, 1.09979212510723e-06, 0.024984844028949738, 0.025756044313311577, 0.025128050474449992]
[41, 41, 41, 22960, 560, 1.127014464158435e-06, 0.024904347956180573, 0.039004793390631676, 0.025876252097077668]
[36, 36, 36, 23040, 640, 1.1026856396162499e-06, 0.024543127045035362, 0.027733301743865013, 0.025405877136758397]
[40, 40, 40, 23040, 576, 1.0788342327335462e-06, 0.024734489619731903, 0.025457752868533134, 0.024856340722180903]
[37, 37, 37, 23088, 624, 1.064565703984381e-06, 0.024520300328731537, 0.024703025817871094, 0.024578692973591387]
[39, 39, 39, 23088, 592, 1.073395408816153e-06, 0.02468760870397091, 0.025064392015337944, 0.024782553198747337]
[38, 38, 38, 23104, 608, 1.0684692310772377e-06, 0.02461560070514679, 0.0248249564319849, 0.0246859131148085]
[44, 44, 44, 23232, 528, 1.1014547180570405e-06, 0.024963952600955963, 0.026835082098841667, 0.025588996009901166]
[43, 43, 43, 23392, 544, 1.0916744234220656e-06, 0.02510300651192665, 0.02603309601545334, 0.02553644811268896]
[42, 42, 42, 23520, 560, 1.082030667639876e-06, 0.02511972188949585, 0.0294108334928751, 0.025449361302889884]
[41, 41, 41, 23616, 576, 1.067781670957294e-06, 0.025142116472125053, 0.025390543043613434, 0.025216731941327453]
[37, 37, 37, 23680, 640, 1.0610018267105676e-06, 0.024731045588850975, 0.02734723500907421, 0.02512452325650624]
[40, 40, 40, 23680, 592, 1.057400623795803e-06, 0.024985816329717636, 0.02516956627368927, 0.025039246771484613]
[38, 38, 38, 23712, 624, 1.052080911614677e-06, 0.024823347106575966, 0.02526739053428173, 0.02494694257620722]
[39, 39, 39, 23712, 608, 1.0634339830081523e-06, 0.024906035512685776, 0.028690144419670105, 0.025216146605089307]
[45, 45, 45, 23760, 528, 1.0917394436497606e-06, 0.02531598135828972, 0.0271254014223814, 0.02593972918111831]
[44, 44, 44, 23936, 544, 1.112037542549069e-06, 0.02559012360870838, 0.03635779954493046, 0.026617730618454516]
[43, 43, 43, 24080, 560, 1.1422795624908467e-06, 0.025720909237861633, 0.04343597590923309, 0.02750609186477959]
[42, 42, 42, 24192, 576, 1.058154724233121e-06, 0.0253430362790823, 0.027424516156315804, 0.025598879088647664]
[41, 41, 41, 24272, 592, 1.114012958818338e-06, 0.02543962001800537, 0.04949286952614784, 0.027039322536438704]
[46, 46, 46, 24288, 528, 1.0736187029527489e-06, 0.025522353127598763, 0.028595492243766785, 0.026076051057316363]
[38, 38, 38, 24320, 640, 1.1336531370170973e-06, 0.025057554244995117, 0.04232236184179783, 0.02757044429225581]
[40, 40, 40, 24320, 608, 1.0424366768060472e-06, 0.025225535035133362, 0.02592533640563488, 0.02535205997992307]
[39, 39, 39, 24336, 624, 1.0355860809259787e-06, 0.025122910737991333, 0.025336332619190216, 0.02520202286541462]
[45, 45, 45, 24480, 544, 1.0626623407006265e-06, 0.025668667629361153, 0.02631521224975586, 0.026013974100351334]
[44, 44, 44, 24640, 560, 1.0656643535657604e-06, 0.026093609631061554, 0.026800859719514847, 0.026257969671860337]
[43, 43, 43, 24768, 576, 1.0621718123711006e-06, 0.025642167776823044, 0.027366042137145996, 0.02630787144880742]
[47, 47, 47, 24816, 528, 1.0646685572409537e-06, 0.02602323889732361, 0.02722165733575821, 0.02642081491649151]
[42, 42, 42, 24864, 592, 1.0365133131512632e-06, 0.025658035650849342, 0.026048511266708374, 0.025771867018193007]
[41, 41, 41, 24928, 608, 1.0365801920907497e-06, 0.025677748024463654, 0.02600676566362381, 0.02583987102843821]
[39, 39, 39, 24960, 640, 1.198523509445781e-06, 0.025370029732584953, 0.05358617939054966, 0.029915146795766696]
[40, 40, 40, 24960, 624, 1.0220571381908555e-06, 0.02545340359210968, 0.025616208091378212, 0.025510546169243753]
[46, 46, 46, 25024, 544, 1.042589128305933e-06, 0.025728944689035416, 0.028282644227147102, 0.02608975034672767]
[45, 45, 45, 25200, 560, 1.0584601032961574e-06, 0.02580907754600048, 0.03564001992344856, 0.026673194603063166]
[44, 44, 44, 25344, 576, 1.0577135283095442e-06, 0.02636139653623104, 0.03095536306500435, 0.02680669166147709]
[48, 48, 48, 25344, 528, 1.0362941563903176e-06, 0.02613476850092411, 0.027263497933745384, 0.026263839099556208]
[43, 43, 43, 25456, 592, 1.052567924974026e-06, 0.025981955230236053, 0.03348997421562672, 0.02679416909813881]
[42, 42, 42, 25536, 608, 1.0291963675932346e-06, 0.025882823392748833, 0.030488213524222374, 0.026281558442860842]
[47, 47, 47, 25568, 544, 1.0787347689776849e-06, 0.026267196983098984, 0.041560303419828415, 0.027581090573221445]
[41, 41, 41, 25584, 624, 1.0178639748095278e-06, 0.025948036462068558, 0.026173895224928856, 0.02604103193152696]
[40, 40, 40, 25600, 640, 1.0461322069334398e-06, 0.025692367926239967, 0.03299127146601677, 0.02678098449749606]
[46, 46, 46, 25760, 560, 1.0826766652905422e-06, 0.02600306086242199, 0.05272139236330986, 0.02788975089788437]
[49, 49, 49, 25872, 528, 1.091060185485019e-06, 0.026382526382803917, 0.051785705611109734, 0.02822790911886841]
[45, 45, 45, 25920, 576, 1.0212835520549023e-06, 0.026084352284669876, 0.02714237943291664, 0.026471669669263065]
[44, 44, 44, 26048, 592, 1.0285109996764763e-06, 0.026597222313284874, 0.027385283261537552, 0.026790654519572854]
[48, 48, 48, 26112, 544, 1.039694454590847e-06, 0.026374395936727524, 0.03694412112236023, 0.027148501598276198]
[43, 43, 43, 26144, 608, 1.0180055372407853e-06, 0.02625558339059353, 0.027034243568778038, 0.026614736765623093]
[42, 42, 42, 26208, 624, 1.001307945387206e-06, 0.026140691712498665, 0.026655754074454308, 0.026242278632707894]
[41, 41, 41, 26240, 640, 1.0764758501734053e-06, 0.026165833696722984, 0.04044690728187561, 0.028246726308550154]
[47, 47, 47, 26320, 560, 1.0207735779086597e-06, 0.02654232457280159, 0.027294054627418518, 0.026866760570555925]
[50, 50, 50, 26400, 528, 1.039470702049915e-06, 0.026591159403324127, 0.03752553649246693, 0.02744202653411776]
[46, 46, 46, 26496, 576, 9.935092880302852e-07, 0.026280317455530167, 0.02647380344569683, 0.026324022095650434]
[45, 45, 45, 26640, 592, 1.0100674627393528e-06, 0.02643314003944397, 0.02727833203971386, 0.02690819720737636]
[49, 49, 49, 26656, 544, 1.001807601681082e-06, 0.02663092501461506, 0.02690522000193596, 0.02670418343041092]
[44, 44, 44, 26752, 608, 1.0106017308016687e-06, 0.026843030005693436, 0.027398264035582542, 0.02703561750240624]
[43, 43, 43, 26832, 624, 1.0041790941067054e-06, 0.02646580897271633, 0.027304841205477715, 0.026944133453071117]
[42, 42, 42, 26880, 640, 1.0287952922176899e-06, 0.026371927931904793, 0.030793387442827225, 0.027654017454811504]
[48, 48, 48, 26880, 560, 1.0027270036516711e-06, 0.026659423485398293, 0.02981363795697689, 0.02695330185815692]
[51, 51, 51, 26928, 528, 1.0176380466162357e-06, 0.02682666666805744, 0.030194278806447983, 0.027402957319281995]
[47, 47, 47, 27072, 576, 1.007101032435707e-06, 0.026630334556102753, 0.0295785591006279, 0.027264239150099456]
[50, 50, 50, 27200, 544, 9.920943857115859e-07, 0.026891155168414116, 0.02733067236840725, 0.026984967291355133]
[46, 46, 46, 27232, 592, 9.912553984238455e-07, 0.026647692546248436, 0.027432523667812347, 0.02699386700987816]
[45, 45, 45, 27360, 608, 9.979321752410731e-07, 0.02665986865758896, 0.03049202635884285, 0.02730342431459576]
[49, 49, 49, 27440, 560, 9.83455451544776e-07, 0.026912178844213486, 0.02719985693693161, 0.026986017590388656]
[44, 44, 44, 27456, 624, 1.003067930602677e-06, 0.026996226981282234, 0.031751926988363266, 0.0275402331026271]
[52, 52, 52, 27456, 528, 1.0506734400548015e-06, 0.027102690190076828, 0.051365943625569344, 0.02884728997014463]
[43, 43, 43, 27520, 640, 9.9909916888316e-07, 0.026699628680944443, 0.030282368883490562, 0.027495209127664566]
[48, 48, 48, 27648, 576, 9.87405129577652e-07, 0.02701915241777897, 0.02985387109220028, 0.02729977702256292]
[51, 51, 51, 27744, 544, 9.798094764313712e-07, 0.02709682285785675, 0.027417531237006187, 0.02718383411411196]
[47, 47, 47, 27824, 592, 9.89075783149314e-07, 0.026909200474619865, 0.030443163588643074, 0.027520044590346515]
[46, 46, 46, 27968, 608, 1.0229880606262247e-06, 0.026861799880862236, 0.05363987199962139, 0.028610930079594254]
[53, 53, 53, 27984, 528, 9.995240482766332e-07, 0.027595248073339462, 0.029047399759292603, 0.027970680966973305]
[50, 50, 50, 28000, 560, 9.73372221259134e-07, 0.02717711217701435, 0.027753464877605438, 0.027254422195255756]
[45, 45, 45, 28080, 624, 9.757981859837417e-07, 0.027043577283620834, 0.027758551761507988, 0.027400413062423468]
[44, 44, 44, 28160, 640, 9.964908040037934e-07, 0.027325885370373726, 0.030788198113441467, 0.028061181040746824]
[49, 49, 49, 28224, 576, 1.0044148567057681e-06, 0.027193976566195488, 0.0436775628477335, 0.0283486049156636]
[52, 52, 52, 28288, 544, 9.704045208296907e-07, 0.02739720046520233, 0.02754233032464981, 0.02745080308523029]
[48, 48, 48, 28416, 592, 9.686033605773061e-07, 0.02731732837855816, 0.028721941635012627, 0.02752383309416473]
[54, 54, 54, 28512, 528, 9.880964104966787e-07, 0.027642197906970978, 0.03186946175992489, 0.028172604856081307]
[51, 51, 51, 28560, 560, 9.636159280917662e-07, 0.027380673214793205, 0.027728306129574776, 0.027520870906300843]
[47, 47, 47, 28576, 608, 9.694908753604276e-07, 0.02716374769806862, 0.030745837837457657, 0.02770417125429958]
[46, 46, 46, 28704, 624, 9.504689975112672e-07, 0.02713009901344776, 0.027649251744151115, 0.027282262104563415]
[45, 45, 45, 28800, 640, 9.799913211267383e-07, 0.02717340551316738, 0.031394822522997856, 0.028223750048450062]
[50, 50, 50, 28800, 576, 9.570232416283236e-07, 0.02746664732694626, 0.027927875518798828, 0.02756226935889572]
[53, 53, 53, 28832, 544, 9.838923091649262e-07, 0.02797970362007618, 0.03099968098104, 0.02836758305784315]
[49, 49, 49, 29008, 592, 9.504429645033967e-07, 0.027493491768836975, 0.027823427692055702, 0.027570449514314532]
[55, 55, 55, 29040, 528, 9.75576408025257e-07, 0.028165817260742188, 0.029475802555680275, 0.028330738889053464]
[52, 52, 52, 29120, 560, 1.0112347768921568e-06, 0.02770000696182251, 0.05348440445959568, 0.02944715670309961]
[48, 48, 48, 29184, 608, 9.551816522919883e-07, 0.027542535215616226, 0.029302584007382393, 0.027876021340489388]
[47, 47, 47, 29328, 624, 9.395324309616651e-07, 0.0274199228733778, 0.028110137209296227, 0.027554607135243714]
[51, 51, 51, 29376, 576, 9.707807347534554e-07, 0.027658207342028618, 0.03760114498436451, 0.028517654864117503]
[54, 54, 54, 29376, 544, 1.0179122719682412e-06, 0.027913466095924377, 0.05615819804370403, 0.029902190901339054]
[46, 46, 46, 29440, 640, 9.538216884421497e-07, 0.027415703982114792, 0.030878867954015732, 0.028080510507736887]
[56, 56, 56, 29568, 528, 9.710117343644858e-07, 0.0284678116440773, 0.03043048083782196, 0.028710874961689115]
[50, 50, 50, 29600, 592, 9.418346461323971e-07, 0.02776772901415825, 0.028175203129649162, 0.027878305525518954]
[53, 53, 53, 29680, 560, 9.585137382046773e-07, 0.028261279687285423, 0.028737224638462067, 0.028448687749914825]
[49, 49, 49, 29792, 608, 9.644169317696956e-07, 0.02776520885527134, 0.04165114834904671, 0.02873190923128277]
[55, 55, 55, 29920, 544, 9.752299711618692e-07, 0.02845410257577896, 0.03833341598510742, 0.029178880737163126]
[48, 48, 48, 29952, 624, 9.991143507739673e-07, 0.027790449559688568, 0.055566275492310524, 0.029925473034381866]
[52, 52, 52, 29952, 576, 9.39198837600127e-07, 0.028020082041621208, 0.028390778228640556, 0.028130883583799005]
[47, 47, 47, 30080, 640, 9.43920729359142e-07, 0.027721012011170387, 0.031518369913101196, 0.02839313553912299]
[57, 57, 57, 30096, 528, 9.608525533839597e-07, 0.028640929609537125, 0.029989834874868393, 0.02891781844664365]
[51, 51, 51, 30192, 592, 9.333921507754569e-07, 0.028027605265378952, 0.02932615764439106, 0.028180975816212595]
[54, 54, 54, 30240, 560, 9.400792050030004e-07, 0.02824731171131134, 0.02878563664853573, 0.02842799515929073]
[50, 50, 50, 30400, 608, 9.277826182752554e-07, 0.028100064024329185, 0.028540708124637604, 0.028204591595567763]
[56, 56, 56, 30464, 544, 9.557432525323121e-07, 0.028729427605867386, 0.033318089321255684, 0.029115762445144355]
[53, 53, 53, 30528, 576, 9.473283199846756e-07, 0.028677664697170258, 0.02942291833460331, 0.028920038952492177]
[49, 49, 49, 30576, 624, 9.187545438447197e-07, 0.028051182627677917, 0.028168832883238792, 0.028091838932596147]
[58, 58, 58, 30624, 528, 9.487693706141005e-07, 0.02880381979048252, 0.02999238856136799, 0.02905511320568621]
[48, 48, 48, 30720, 640, 9.488235567308341e-07, 0.02808552049100399, 0.033348552882671356, 0.029147859662771225]
[52, 52, 52, 30784, 592, 9.227776695722946e-07, 0.02832581102848053, 0.028582487255334854, 0.028406787780113518]
[55, 55, 55, 30800, 560, 9.426790366687074e-07, 0.02879352867603302, 0.02986391820013523, 0.029034514329396188]
[51, 51, 51, 31008, 608, 9.481095453850171e-07, 0.028335940092802048, 0.04360906779766083, 0.02939898078329861]
[57, 57, 57, 31008, 544, 9.38926382074171e-07, 0.028915878385305405, 0.030741440132260323, 0.029114229255355895]
[54, 54, 54, 31104, 576, 9.788646211034671e-07, 0.028560757637023926, 0.05628347583115101, 0.030446605174802244]
[59, 59, 59, 31152, 528, 9.852608329014738e-07, 0.029123768210411072, 0.045317498967051506, 0.030692845466546714]
[50, 50, 50, 31200, 624, 9.121487994726079e-07, 0.028374699875712395, 0.028717216104269028, 0.028459042543545365]
[49, 49, 49, 31360, 640, 9.222645546735941e-07, 0.028361281380057335, 0.031547633931040764, 0.02892221643456391]
[56, 56, 56, 31360, 560, 9.306765623849208e-07, 0.029062815010547638, 0.029664311558008194, 0.029186016996391118]
[53, 53, 53, 31376, 592, 9.414676749546409e-07, 0.02897959202528, 0.03417721204459667, 0.029539489769376814]
[58, 58, 58, 31552, 544, 9.295516537594973e-07, 0.02916145510971546, 0.029686009511351585, 0.02932921377941966]
[52, 52, 52, 31616, 608, 9.205962665829626e-07, 0.028646016493439674, 0.034215500578284264, 0.029105571564286947]
[55, 55, 55, 31680, 576, 9.333564068785765e-07, 0.029112165793776512, 0.03271052613854408, 0.029568730969913304]
[60, 60, 60, 31680, 528, 9.255130127639124e-07, 0.02915779873728752, 0.030644405633211136, 0.029320252244360745]
[51, 51, 51, 31824, 624, 9.011327096306971e-07, 0.028609488159418106, 0.028811262920498848, 0.028677647351287305]
[57, 57, 57, 31920, 560, 9.206315414410524e-07, 0.029244093224406242, 0.030063146725296974, 0.02938655880279839]
[54, 54, 54, 31968, 592, 9.097937989835017e-07, 0.02889566496014595, 0.02941085770726204, 0.02908428816590458]
[50, 50, 50, 32000, 640, 9.867492231673427e-07, 0.028676625341176987, 0.03663837909698486, 0.03157597514135497]
[59, 59, 59, 32096, 544, 9.332520816802927e-07, 0.029660973697900772, 0.030610572546720505, 0.029953658813610673]
[61, 61, 61, 32208, 528, 9.332936759913221e-07, 0.029523517936468124, 0.03175262175500393, 0.0300595227163285]
[53, 53, 53, 32224, 608, 9.537131564361954e-07, 0.029378317296504974, 0.032946936786174774, 0.03073245275299996]
[56, 56, 56, 32256, 576, 9.149657094057479e-07, 0.02938738279044628, 0.029967255890369415, 0.029513133922591805]
[52, 52, 52, 32448, 624, 8.970821907521543e-07, 0.02894512377679348, 0.029920589178800583, 0.029108522925525904]
[58, 58, 58, 32480, 560, 9.128977890124114e-07, 0.02947329171001911, 0.030063606798648834, 0.02965092018712312]
[55, 55, 55, 32560, 592, 9.134288031163944e-07, 0.02952951192855835, 0.03037390299141407, 0.0297412418294698]
[51, 51, 51, 32640, 640, 9.074507487275186e-07, 0.028912391513586044, 0.03353322111070156, 0.029619192438466207]
[60, 60, 60, 32640, 544, 9.112234978352254e-07, 0.02948630042374134, 0.03243854641914368, 0.029742334969341755]
[30, 30, 30, 32656, 1104, 8.71750391804828e-07, 0.028074972331523895, 0.02898458205163479, 0.028467880794778466]
[30, 30, 30, 32672, 1120, 8.782179183331223e-07, 0.02869313582777977, 0.02869313582777977, 0.02869313582777977]
[62, 62, 62, 32736, 528, 9.47648749533378e-07, 0.02992449514567852, 0.038462065160274506, 0.03102222946472466]
[31, 31, 31, 32816, 1120, 8.77984156867921e-07, 0.02828829176723957, 0.02971549704670906, 0.028811928091777697]
[31, 31, 31, 32832, 1120, 8.83799083040733e-07, 0.02901689149439335, 0.02901689149439335, 0.02901689149439335]
[54, 54, 54, 32832, 608, 9.235451999846592e-07, 0.02922198921442032, 0.042488642036914825, 0.03032183600589633]
[57, 57, 57, 32832, 576, 9.141225831233216e-07, 0.02957955002784729, 0.03275701589882374, 0.030012472649104893]
[29, 29, 29, 32944, 1136, 8.746548187152282e-07, 0.02854529581964016, 0.029217010363936424, 0.02881462834775448]
[59, 59, 59, 33040, 560, 9.20669473346873e-07, 0.029753291979432106, 0.032144783064723015, 0.030418919399380684]
[53, 53, 53, 33072, 624, 9.47451211331186e-07, 0.030747000128030777, 0.032594259828329086, 0.031334106461144984]
[30, 30, 30, 33136, 1120, 9.059433973863968e-07, 0.02817513234913349, 0.048886409029364586, 0.030019340415795643]
[30, 30, 30, 33152, 1136, 8.668697261140038e-07, 0.028738465160131454, 0.028738465160131454, 0.028738465160131454]
[56, 56, 56, 33152, 592, 9.012063712087949e-07, 0.029764449223876, 0.030259691178798676, 0.029876793618313968]
[61, 61, 61, 33184, 544, 9.53270921739817e-07, 0.030126351863145828, 0.04674656130373478, 0.031633342267014086]
[63, 63, 63, 33264, 528, 9.919124029504208e-07, 0.030887244269251823, 0.059398120269179344, 0.0329949741717428]
[52, 52, 52, 33280, 640, 8.943935396958265e-07, 0.02924857661128044, 0.032432639971375465, 0.029765417001077106]
[31, 31, 31, 33312, 1136, 9.201248222619075e-07, 0.028459807857871056, 0.05439920350909233, 0.030651198079188664]
[31, 31, 31, 33328, 1136, 8.559837535853518e-07, 0.028528226539492607, 0.028528226539492607, 0.028528226539492607]
[29, 29, 29, 33408, 1152, 9.15840874042731e-07, 0.028308479115366936, 0.03829703852534294, 0.030596411920019558]
[58, 58, 58, 33408, 576, 8.991343061289379e-07, 0.02983061783015728, 0.030371591448783875, 0.030038278899155557]
[55, 55, 55, 33440, 608, 9.052488114851924e-07, 0.02985546924173832, 0.03429734706878662, 0.030271520256064832]
[32, 32, 32, 33456, 1136, 8.814701784943139e-07, 0.028458228334784508, 0.033241743221879005, 0.029490466291705767]
[32, 32, 32, 33488, 1152, 8.688142213470277e-07, 0.02909485064446926, 0.02909485064446926, 0.02909485064446926]
[60, 60, 60, 33600, 560, 8.918369054472783e-07, 0.02981877513229847, 0.030720172449946404, 0.029965720023028553]
[30, 30, 30, 33616, 1136, 8.57912151309331e-07, 0.028668206185102463, 0.028970442712306976, 0.028839574878414473]
[30, 30, 30, 33632, 1152, 8.596848943700516e-07, 0.028912922367453575, 0.028912922367453575, 0.028912922367453575]
[54, 54, 54, 33696, 624, 8.817752759940374e-07, 0.029522275552153587, 0.030271777883172035, 0.029712299699895084]
[62, 62, 62, 33728, 544, 9.054574150984411e-07, 0.030268119648098946, 0.031140292063355446, 0.03053926769644022]
[57, 57, 57, 33744, 592, 8.9810106619259e-07, 0.029975898563861847, 0.03267252631485462, 0.030305522377602756]
[64, 64, 64, 33792, 528, 9.211886952636467e-07, 0.03029767796397209, 0.03665442764759064, 0.03112880839034915]
[31, 31, 31, 33808, 1152, 8.645016831879111e-07, 0.02856670878827572, 0.029902392998337746, 0.029227072905216898]
[53, 53, 53, 33920, 640, 9.542625589481986e-07, 0.031050128862261772, 0.03784437105059624, 0.03236858599952289]
[32, 32, 32, 33968, 1152, 8.588627647286233e-07, 0.02849084883928299, 0.029979662969708443, 0.029173850392301876]
[59, 59, 59, 33984, 576, 9.001375496593127e-07, 0.030149418860673904, 0.03153621219098568, 0.030590274487622082]
[56, 56, 56, 34048, 608, 8.941152933895276e-07, 0.03012264333665371, 0.03288864530622959, 0.030442837509326637]
[30, 30, 30, 34096, 1152, 8.524861387050703e-07, 0.028921281918883324, 0.029357396066188812, 0.02906636738528808]
[61, 61, 61, 34160, 560, 9.02050960916956e-07, 0.030174557119607925, 0.03123178705573082, 0.030814060824923217]
[63, 63, 63, 34272, 544, 9.097159085477885e-07, 0.03080282174050808, 0.03156678378582001, 0.03117778361774981]
[55, 55, 55, 34320, 624, 9.335530677588878e-07, 0.03016761690378189, 0.05815656669437885, 0.03203954128548503]
[65, 65, 65, 34320, 528, 9.994620058657319e-07, 0.03204477205872536, 0.061722228303551674, 0.03430153604131192]
[58, 58, 58, 34336, 592, 8.82131289870835e-07, 0.030170176178216934, 0.030801700428128242, 0.03028885996900499]
[54, 54, 54, 34560, 640, 8.825960254331154e-07, 0.02986239269375801, 0.033548783510923386, 0.030502518638968468]
[60, 60, 60, 34560, 576, 8.888037175185875e-07, 0.030197622254490852, 0.03468804061412811, 0.030717056477442384]
[57, 57, 57, 34656, 608, 8.810795276036223e-07, 0.03033701330423355, 0.03116285242140293, 0.030534692108631134]
[62, 62, 62, 34720, 560, 9.055879283031183e-07, 0.030659014359116554, 0.035588568076491356, 0.031442012870684266]
[64, 64, 64, 34816, 544, 9.103906343037071e-07, 0.030762774869799614, 0.03368586115539074, 0.031696160323917866]
[66, 66, 66, 34848, 528, 9.376930563419431e-07, 0.03227618895471096, 0.03344879485666752, 0.032676727627404034]
[59, 59, 59, 34928, 592, 9.047153908569508e-07, 0.030515315011143684, 0.03827080875635147, 0.031599899171851575]
[56, 56, 56, 34944, 624, 8.766235543669529e-07, 0.030421612784266472, 0.03185071423649788, 0.030632733483798802]
[61, 61, 61, 35136, 576, 8.793740860591108e-07, 0.030566105619072914, 0.03149927593767643, 0.030897687887772918]
[55, 55, 55, 35200, 640, 8.82618040052037e-07, 0.030448324978351593, 0.03432819992303848, 0.0310681550098317]
[58, 58, 58, 35264, 608, 8.74720777630233e-07, 0.030613290145993233, 0.031196611002087593, 0.030846153502352536]
[63, 63, 63, 35280, 560, 9.266807281416408e-07, 0.031105538830161095, 0.047290926799178123, 0.03269329608883709]
[65, 65, 65, 35360, 544, 9.20040784214046e-07, 0.032370176166296005, 0.03291607275605202, 0.032532642129808664]
[67, 67, 67, 35376, 528, 9.262783483459733e-07, 0.03242316469550133, 0.033607661724090576, 0.03276802285108715]
[60, 60, 60, 35520, 592, 8.702094402889981e-07, 0.030623044818639755, 0.03421406447887421, 0.030909839319065213]
[57, 57, 57, 35568, 624, 8.675078670008278e-07, 0.030659087002277374, 0.03126714192330837, 0.030855519813485444]
[62, 62, 62, 35712, 576, 8.887680705420183e-07, 0.031090769916772842, 0.03641470894217491, 0.031739685335196555]
[56, 56, 56, 35840, 640, 8.896496981425136e-07, 0.03080112859606743, 0.0348295122385025, 0.031885045181427686]
[64, 64, 64, 35840, 560, 9.075173660936084e-07, 0.031363824382424355, 0.03481827862560749, 0.03252542240079492]
[59, 59, 59, 35872, 608, 8.750294446720876e-07, 0.030833110213279724, 0.0317806713283062, 0.031389056239277124]
[66, 66, 66, 35904, 544, 9.396271885705966e-07, 0.03265879489481449, 0.03871370851993561, 0.0337363745784387]
[68, 68, 68, 35904, 528, 9.454230594736359e-07, 0.03292066417634487, 0.04593827202916145, 0.033944469527341425]
[61, 61, 61, 36112, 592, 9.117156580151593e-07, 0.030994119122624397, 0.053086938336491585, 0.03292387584224343]
[58, 58, 58, 36192, 624, 8.591047742547736e-07, 0.030920054763555527, 0.03164645470678806, 0.031092719989828765]
[63, 63, 63, 36288, 576, 8.859741678596943e-07, 0.03154090419411659, 0.03396283648908138, 0.032150230603292584]
[65, 65, 65, 36400, 560, 9.344821536125472e-07, 0.0328063927590847, 0.047735609114170074, 0.03401515039149672]
[69, 69, 69, 36432, 528, 9.203578822386725e-07, 0.033225901424884796, 0.03566787391901016, 0.03353047836571932]
[67, 67, 67, 36448, 544, 9.061778871844587e-07, 0.03281303122639656, 0.03483976051211357, 0.03302837163209915]
[57, 57, 57, 36480, 640, 8.761016596552161e-07, 0.030999965965747833, 0.03500673919916153, 0.031960188544222286]
[60, 60, 60, 36480, 608, 8.58656883856543e-07, 0.030979400500655174, 0.03430154360830784, 0.03132380312308669]
[62, 62, 62, 36704, 592, 8.647649340323841e-07, 0.03140953555703163, 0.034304872155189514, 0.031740332138724625]
[59, 59, 59, 36816, 624, 8.713725099974724e-07, 0.03151191212236881, 0.035862624645233154, 0.032080450328066945]
[64, 64, 64, 36864, 576, 8.896411777136059e-07, 0.03201644867658615, 0.035299861803650856, 0.032795732375234365]
[66, 66, 66, 36960, 560, 9.070030485130685e-07, 0.033000240102410316, 0.03414354845881462, 0.03352283267304301]
[70, 70, 70, 36960, 528, 9.250981283164483e-07, 0.03348633646965027, 0.039310721680521965, 0.03419162682257593]
[68, 68, 68, 36992, 544, 9.029768788010836e-07, 0.0332965012639761, 0.033568449318408966, 0.033402920700609684]
[61, 61, 61, 37088, 608, 8.563268028982739e-07, 0.03138211742043495, 0.03215309605002403, 0.03175944846589118]
[58, 58, 58, 37120, 640, 8.641809338056873e-07, 0.03135580010712147, 0.035270217806100845, 0.03207839626286711]
[63, 63, 63, 37296, 592, 8.754661841969657e-07, 0.03238292783498764, 0.033814359456300735, 0.032651386805810034]
[60, 60, 60, 37440, 624, 8.397869514271569e-07, 0.031277796253561974, 0.03184518404304981, 0.031441623461432755]
[65, 65, 65, 37440, 576, 9.07368934365053e-07, 0.03316009044647217, 0.03772550821304321, 0.03397189290262759]
[71, 71, 71, 37488, 528, 9.062834052433392e-07, 0.03362603299319744, 0.03537409380078316, 0.0339747522957623]
[67, 67, 67, 37520, 560, 8.884023894607496e-07, 0.033231375738978386, 0.03390264883637428, 0.03333285765256733]
[69, 69, 69, 37536, 544, 9.035000012165693e-07, 0.03367292322218418, 0.035667942836880684, 0.033913776045665145]
[62, 62, 62, 37696, 608, 9.080070000608707e-07, 0.031705863773822784, 0.06494290009140968, 0.03422823187429458]
[59, 59, 59, 37760, 640, 8.678149581902613e-07, 0.031592562794685364, 0.0368507020175457, 0.03276869282126427]
[64, 64, 64, 37888, 592, 8.661899350094295e-07, 0.032214097678661346, 0.033785728737711906, 0.03281820425763726]
[66, 66, 66, 38016, 576, 9.430039010192142e-07, 0.033456746488809586, 0.06268104910850525, 0.03584923630114645]
[72, 72, 72, 38016, 528, 9.072022147287351e-07, 0.03410441428422928, 0.035966334864497185, 0.034488199395127594]
[61, 61, 61, 38064, 624, 8.630826588011119e-07, 0.03169917315244675, 0.043735455721616745, 0.032852378324605525]
[68, 68, 68, 38080, 560, 8.945369654229427e-07, 0.03368941321969032, 0.035130660980939865, 0.03406396764330566]
[70, 70, 70, 38080, 544, 8.945072807387269e-07, 0.03385853208601475, 0.034300195053219795, 0.03406283725053072]
[63, 63, 63, 38304, 608, 8.386370226569278e-07, 0.03193780779838562, 0.03263107128441334, 0.03212315251585096]
[60, 60, 60, 38400, 640, 8.408682229596057e-07, 0.03165213204920292, 0.03535606153309345, 0.03228933976164886]
[65, 65, 65, 38480, 592, 8.875902422912914e-07, 0.03363076411187649, 0.037764620035886765, 0.034154472523368895]
[73, 73, 73, 38544, 528, 9.099456148240259e-07, 0.034287119284272194, 0.03873823396861553, 0.035072943777777255]
[67, 67, 67, 38592, 576, 8.823853072250466e-07, 0.03358128108084202, 0.038725366815924644, 0.034053013776429]
[71, 71, 71, 38624, 544, 8.995121994467456e-07, 0.03410206735134125, 0.036717427894473076, 0.034742759191431105]
[69, 69, 69, 38640, 560, 8.846367044108255e-07, 0.034094102680683136, 0.03450661525130272, 0.034182362258434296]
[62, 62, 62, 38688, 624, 8.302791455710142e-07, 0.03198457136750221, 0.032503414899110794, 0.0321218395838514]
[64, 64, 64, 38912, 608, 9.151432921403045e-07, 0.03263547457754612, 0.06357948295772076, 0.03561005578376353]
[61, 61, 61, 39040, 640, 8.533441704813505e-07, 0.03237026557326317, 0.0369665939360857, 0.033314556415591924]
[66, 66, 66, 39072, 592, 8.82072603742094e-07, 0.033850010484457016, 0.03504752740263939, 0.034464340773411095]
[74, 74, 74, 39072, 528, 9.441307717413671e-07, 0.03531002625823021, 0.04785951040685177, 0.036889077513478696]
[68, 68, 68, 39168, 576, 8.751603286476346e-07, 0.0341076273471117, 0.03501051291823387, 0.03427827975247055]
[72, 72, 72, 39168, 544, 8.858462077863377e-07, 0.034459929913282394, 0.03563428856432438, 0.03469682426657528]
[70, 70, 70, 39200, 560, 8.825800198662493e-07, 0.03428550809621811, 0.03530679643154144, 0.034597136778756976]
[63, 63, 63, 39312, 624, 8.279277047951277e-07, 0.032311465591192245, 0.03331019543111324, 0.03254749393090606]
[65, 65, 65, 39520, 608, 8.842859064654903e-07, 0.034022727981209755, 0.038867268711328506, 0.03494697902351618]
[75, 75, 75, 39600, 528, 8.99023314081885e-07, 0.034748783335089684, 0.03669733367860317, 0.035601323237642646]
[67, 67, 67, 39664, 592, 8.663101352453713e-07, 0.034027038142085075, 0.0366752203553915, 0.034361325204372406]
[62, 62, 62, 39680, 640, 9.157099119443361e-07, 0.03237021528184414, 0.05982653237879276, 0.03633536930595126]
[73, 73, 73, 39712, 544, 9.135406442856345e-07, 0.03468940779566765, 0.051510680466890335, 0.03627852606587112]
[69, 69, 69, 39744, 576, 9.004901857694593e-07, 0.034514687955379486, 0.04079058766365051, 0.03578908194322139]
[71, 71, 71, 39760, 560, 9.085105706785826e-07, 0.034725479781627655, 0.03917967341840267, 0.036122380290180445]
[64, 64, 64, 39936, 624, 8.44099872665538e-07, 0.033270442858338356, 0.03410269506275654, 0.033709972514770925]
[66, 66, 66, 40128, 608, 9.014957582444751e-07, 0.03419279493391514, 0.05789469927549362, 0.0361752217868343]
[76, 76, 76, 40128, 528, 9.077650778392179e-07, 0.036016056314110756, 0.03840351291000843, 0.03642679704353213]
[68, 68, 68, 40256, 592, 8.638299907369255e-07, 0.0345741156488657, 0.03532310947775841, 0.03477434010710567]
[74, 74, 74, 40256, 544, 8.862076321606034e-07, 0.035039279609918594, 0.037141136825084686, 0.03567517444025725]
[63, 63, 63, 40320, 640, 8.317362424725341e-07, 0.03269197233021259, 0.0369371734559536, 0.03353560529649258]
[70, 70, 70, 40320, 576, 8.661200996674967e-07, 0.03474436141550541, 0.035164447501301765, 0.034921962418593466]
[72, 72, 72, 40320, 560, 8.785947578698618e-07, 0.034832315519452095, 0.04037582874298096, 0.03542494063731283]
[65, 65, 65, 40560, 624, 8.631235342638116e-07, 0.03444281592965126, 0.036515431478619576, 0.035008290549740195]
[77, 77, 77, 40656, 528, 9.100259010837989e-07, 0.035645077005028725, 0.03812471963465214, 0.03699801303446293]
[67, 67, 67, 40736, 608, 8.509093169216213e-07, 0.034531183540821075, 0.035059068351984024, 0.034662641934119165]
[75, 75, 75, 40800, 544, 8.783109204195367e-07, 0.03526780754327774, 0.037027470767498016, 0.035835085553117096]
[69, 69, 69, 40848, 592, 9.018456297463314e-07, 0.035547785460948944, 0.04279384948313236, 0.03683859028387815]
[73, 73, 73, 40880, 560, 8.661670490931683e-07, 0.0351124033331871, 0.03594660386443138, 0.03540890896692872]
[71, 71, 71, 40896, 576, 9.658487697849007e-07, 0.037928495556116104, 0.04493425972759724, 0.0394993512891233]
[64, 64, 64, 40960, 640, 9.441919441347376e-07, 0.034234123304486275, 0.06416142545640469, 0.038674102031758854]
[66, 66, 66, 41184, 624, 8.586581738787995e-07, 0.03464845195412636, 0.03706616535782814, 0.03536297823302448]
[78, 78, 78, 41184, 528, 8.681184112813639e-07, 0.03554250858724117, 0.03654020465910435, 0.03575258865021169]
[68, 68, 68, 41344, 608, 8.529870891927355e-07, 0.03501178324222565, 0.03599406033754349, 0.03526589821558446]
[76, 76, 76, 41344, 544, 9.084864438307074e-07, 0.03562413156032562, 0.047510525211691856, 0.037560463533736765]
[70, 70, 70, 41440, 592, 8.567719330155366e-07, 0.03514207899570465, 0.03692244738340378, 0.03550462890416384]
[74, 74, 74, 41440, 560, 8.750769950658026e-07, 0.03542363457381725, 0.040283286944031715, 0.03626319067552686]
[72, 72, 72, 41472, 576, 8.647699798058495e-07, 0.03525015152990818, 0.04081199876964092, 0.03586374060250819]
[65, 65, 65, 41600, 640, 8.607978016588386e-07, 0.034749960526824, 0.04054764844477177, 0.035809188549007685]
[79, 79, 79, 41712, 528, 8.679544763485242e-07, 0.03583119623363018, 0.03744050674140453, 0.03620411711744964]
[67, 67, 67, 41808, 624, 8.415379732787691e-07, 0.03486257046461105, 0.03603033535182476, 0.03518301958683878]
[77, 77, 77, 41888, 544, 8.697208017599965e-07, 0.0361089538782835, 0.03695143200457096, 0.03643086494412273]
[69, 69, 69, 41952, 608, 8.776136449547762e-07, 0.035949211567640305, 0.039838528260588646, 0.03681764763314277]
[75, 75, 75, 42000, 560, 8.899865843843491e-07, 0.03560667484998703, 0.040888406336307526, 0.037379436544142663]
[71, 71, 71, 42032, 592, 9.04834698807685e-07, 0.035910118371248245, 0.04226132854819298, 0.038032012060284615]
[73, 73, 73, 42048, 576, 8.525772414606453e-07, 0.03551969677209854, 0.03655882738530636, 0.03584916784893721]
[66, 66, 66, 42240, 640, 8.539645554642979e-07, 0.035018209367990494, 0.04046664759516716, 0.03607146282281194]
[80, 80, 80, 42240, 528, 8.786989851752437e-07, 0.0362375620752573, 0.03916225954890251, 0.037116245133802295]
[68, 68, 68, 42432, 624, 8.428632570344598e-07, 0.035405684262514114, 0.0384856928139925, 0.0357643737224862]
[78, 78, 78, 42432, 544, 8.507939383473955e-07, 0.035974422469735146, 0.03649676591157913, 0.03610088839195669]
[70, 70, 70, 42560, 608, 8.413010215363991e-07, 0.035717811435461044, 0.03597991727292538, 0.03580577147658914]
[76, 76, 76, 42560, 560, 8.529376821098779e-07, 0.035935958847403526, 0.0374002605676651, 0.036301027750596404]
[72, 72, 72, 42624, 592, 8.571150064343927e-07, 0.035988904535770416, 0.03823926858603954, 0.03653367003425956]
[74, 74, 74, 42624, 576, 8.55052171395805e-07, 0.035971738398075104, 0.03795062378048897, 0.03644574375357479]
[81, 81, 81, 42768, 528, 8.595777618281719e-07, 0.03644490987062454, 0.03794438578188419, 0.036762421717867255]
[67, 67, 67, 42880, 640, 8.512043897042683e-07, 0.035312922671437263, 0.0393550805747509, 0.036499644230519025]
[79, 79, 79, 42976, 544, 8.476099436220242e-07, 0.0362093523144722, 0.03756955452263355, 0.03642688493710011]
[69, 69, 69, 43056, 624, 9.135663801077746e-07, 0.03626854717731476, 0.07037311792373657, 0.039334514061920345]
[77, 77, 77, 43120, 560, 8.648995962123523e-07, 0.036313412711024284, 0.038800423964858055, 0.03729447058867663]
[71, 71, 71, 43168, 608, 8.957131130503818e-07, 0.03594183549284935, 0.07297390326857567, 0.03866614366415888]
[75, 75, 75, 43200, 576, 8.760711271962565e-07, 0.03650025650858879, 0.03905588388442993, 0.03784627269487828]
[73, 73, 73, 43216, 592, 8.408706576404117e-07, 0.0360485203564167, 0.036947304382920265, 0.03633906634058803]
[82, 82, 82, 43296, 528, 8.675007971754974e-07, 0.03703313693404198, 0.042213428765535355, 0.037559314514510334]
[68, 68, 68, 43520, 640, 8.402994582957801e-07, 0.03583597205579281, 0.03995622880756855, 0.036569832425032346]
[80, 80, 80, 43520, 544, 9.084094739698819e-07, 0.036847176030278206, 0.06696471758186817, 0.03953398030716926]
[70, 70, 70, 43680, 624, 8.335563530309651e-07, 0.03613521717488766, 0.03853633999824524, 0.036409741500392556]
[78, 78, 78, 43680, 560, 8.649234940347368e-07, 0.03647604584693909, 0.05557496286928654, 0.0377798582194373]
[72, 72, 72, 43776, 608, 8.928417128383806e-07, 0.03618334420025349, 0.07467844896018505, 0.03908503882121295]
[76, 76, 76, 43776, 576, 8.461478213767374e-07, 0.03638909198343754, 0.040738025680184364, 0.03704096702858806]
[74, 74, 74, 43808, 592, 8.48441790655688e-07, 0.0366682019084692, 0.04043154790997505, 0.03716853796504438]
[83, 83, 83, 43824, 528, 9.038403715517381e-07, 0.038019971922039986, 0.043676771223545074, 0.03960990044288337]
[81, 81, 81, 44064, 544, 8.467214435055586e-07, 0.036920735612511635, 0.040307288989424706, 0.03730993368662894]
[69, 69, 69, 44160, 640, 8.725878089863044e-07, 0.03706894814968109, 0.04618995077908039, 0.0385334776448352]
[79, 79, 79, 44240, 560, 8.350404880007908e-07, 0.03673020377755165, 0.03742232918739319, 0.03694219118915498]
[71, 71, 71, 44304, 624, 8.507197342603476e-07, 0.036327844485640526, 0.05390201322734356, 0.03769028710667044]
[77, 77, 77, 44352, 576, 8.552800008295034e-07, 0.03768996521830559, 0.038569455966353416, 0.037933378596790135]
[84, 84, 84, 44352, 528, 8.717878572523532e-07, 0.03754948638379574, 0.0511778574436903, 0.03866553504485637]
[73, 73, 73, 44384, 608, 8.621744806247091e-07, 0.036567237228155136, 0.0428807158023119, 0.03826675214804709]
[75, 75, 75, 44400, 592, 8.670532413095504e-07, 0.036603132262825966, 0.04581398330628872, 0.03849716391414404]
[82, 82, 82, 44608, 544, 8.474617348509537e-07, 0.03748474828898907, 0.03988194651901722, 0.037803573068231344]
[70, 70, 70, 44800, 640, 8.283206558672292e-07, 0.03650389239192009, 0.04051616042852402, 0.03710876538285187]
[80, 80, 80, 44800, 560, 8.410556724161974e-07, 0.037206683307886124, 0.03837200812995434, 0.037679294124245644]
[85, 85, 85, 44880, 528, 8.662191034732934e-07, 0.03782942332327366, 0.047202110290527344, 0.03887591336388141]
[72, 72, 72, 44928, 624, 8.291144462045617e-07, 0.036867355927824974, 0.037520814687013626, 0.037250453839078546]
[78, 78, 78, 44928, 576, 8.254920765031209e-07, 0.03693060204386711, 0.037922512739896774, 0.037087708013132215]
[74, 74, 74, 44992, 608, 8.319420678530135e-07, 0.03707839548587799, 0.03924013301730156, 0.03743073751684278]
[76, 76, 76, 44992, 592, 8.289656759329818e-07, 0.03688043728470802, 0.03935618884861469, 0.03729682369157672]
[83, 83, 83, 45152, 544, 8.716162133964886e-07, 0.03828324005007744, 0.04129565507173538, 0.039355215267278254]
[42, 42, 42, 45200, 1152, 7.86536653418984e-07, 0.03555145673453808, 0.03555145673453808, 0.03555145673453808]
[41, 41, 41, 45248, 1104, 7.635002143686318e-07, 0.034546857699751854, 0.034546857699751854, 0.034546857699751854]
[41, 41, 41, 45264, 1104, 7.718282735580518e-07, 0.03353172913193703, 0.051874054595828056, 0.034936034974331655]
[41, 41, 41, 45264, 1120, 7.583482991228783e-07, 0.03390604630112648, 0.035497477278113365, 0.034325877411497965]
[41, 41, 41, 45280, 1136, 7.501297363807372e-07, 0.03396587446331978, 0.03396587446331978, 0.03396587446331978]
[41, 41, 41, 45296, 1136, 8.605299229249727e-07, 0.03427606262266636, 0.06931975670158863, 0.03897856338880956]
[41, 41, 41, 45312, 1152, 7.754302087718737e-07, 0.03425920195877552, 0.037303416058421135, 0.03513629361987114]
[41, 41, 41, 45328, 1152, 7.737280002865621e-07, 0.03375653736293316, 0.037001561373472214, 0.035071542796989284]
[81, 81, 81, 45360, 560, 8.279391832574151e-07, 0.037356581538915634, 0.038008034229278564, 0.03755532135255635]
[43, 43, 43, 45408, 1056, 7.481745121612545e-07, 0.033544501289725304, 0.036152418702840805, 0.033973108248218246]
[40, 40, 40, 45408, 1136, 7.427740687430465e-07, 0.0335727296769619, 0.03388334810733795, 0.03372788491348425]
[86, 86, 86, 45408, 528, 8.489113945507072e-07, 0.03811226971447468, 0.04056084342300892, 0.038547368603758514]
[40, 40, 40, 45424, 1136, 7.371297445440097e-07, 0.03324836492538452, 0.03374745696783066, 0.033483381516167095]
[40, 40, 40, 45440, 1136, 7.667765850117217e-07, 0.033197659999132156, 0.056547220796346664, 0.034842328022932634]
[71, 71, 71, 45440, 640, 8.357143834405682e-07, 0.03679902106523514, 0.04420688562095165, 0.03797486158353942]
[40, 40, 40, 45456, 1152, 7.394860983991984e-07, 0.033218735828995705, 0.03398050554096699, 0.033614080088833966]
[43, 43, 43, 45472, 1120, 7.570479120888774e-07, 0.03389665670692921, 0.035787396132946014, 0.03442448265850544]
[43, 43, 43, 45488, 1136, 7.556649727119192e-07, 0.03387972712516785, 0.03500177338719368, 0.03437368827871978]
[43, 43, 43, 45504, 1152, 7.557262947585644e-07, 0.03402753546833992, 0.0348495040088892, 0.034388569316693714]
[43, 43, 43, 45504, 1120, 7.425112493923026e-07, 0.033718228340148926, 0.033856235444545746, 0.033787231892347336]
[79, 79, 79, 45504, 576, 8.293292599382421e-07, 0.03721012733876705, 0.04132635518908501, 0.03773779864422977]
[43, 43, 43, 45520, 1120, 7.614204538469334e-07, 0.033740898594260216, 0.0354989692568779, 0.03465985905911241]
[43, 43, 43, 45536, 1120, 7.430625327299148e-07, 0.033545300364494324, 0.03468045964837074, 0.0338360954903894]
[43, 43, 43, 45536, 1136, 7.439682715672552e-07, 0.03387733921408653, 0.03387733921408653, 0.03387733921408653]
[73, 73, 73, 45552, 624, 8.191150103796772e-07, 0.03681948408484459, 0.038011202588677406, 0.037312326952815056]
[43, 43, 43, 45584, 1136, 7.802893241907304e-07, 0.035568708553910255, 0.035568708553910255, 0.035568708553910255]
[77, 77, 77, 45584, 592, 8.507353092585296e-07, 0.0381856095045805, 0.043701959773898125, 0.038779918337240815]
[43, 43, 43, 45600, 1152, 7.602318097450579e-07, 0.03375178948044777, 0.03579980321228504, 0.03466657052437464]
[75, 75, 75, 45600, 608, 8.627607945655064e-07, 0.037807729095220566, 0.05473325215280056, 0.03934189223218709]
[43, 43, 43, 45632, 1152, 7.635246918333391e-07, 0.03404240310192108, 0.03689076006412506, 0.03484115873773893]
[42, 42, 42, 45696, 1088, 7.552870188435823e-07, 0.0337068997323513, 0.03927859105169773, 0.034513595613076334]
[84, 84, 84, 45696, 544, 8.336862522731431e-07, 0.03801468387246132, 0.038325369358062744, 0.038096126983873546]
[42, 42, 42, 45712, 1120, 7.627872941838848e-07, 0.03485874831676483, 0.03487831726670265, 0.03486853279173374]
[42, 42, 42, 45728, 1136, 7.551786163267846e-07, 0.03421137295663357, 0.0348525270819664, 0.034532807767391205]
[42, 42, 42, 45744, 1136, 7.801422965205711e-07, 0.03432082198560238, 0.042539337649941444, 0.035686829212037]
[44, 44, 44, 45760, 1040, 7.655801881638753e-07, 0.03370221517980099, 0.04714660160243511, 0.03503294941037893]
[42, 42, 42, 45760, 1136, 7.829001218966254e-07, 0.03445819206535816, 0.037192827090620995, 0.03582550957798958]
[42, 42, 42, 45760, 1152, 1.5234668296273354e-06, 0.06971384212374687, 0.06971384212374687, 0.06971384212374687]
[42, 42, 42, 45792, 1152, 7.586839344429467e-07, 0.034390341490507126, 0.035455649718642235, 0.034741654726011414]
[42, 42, 42, 45824, 1152, 7.861071901748849e-07, 0.03559625707566738, 0.03643401898443699, 0.036022575882573925]
[44, 44, 44, 45824, 1104, 7.692802388171598e-07, 0.03403930552303791, 0.03900654800236225, 0.03525149766355753]
[44, 44, 44, 45840, 1120, 1.2988369078107218e-06, 0.03425847925245762, 0.22859059646725655, 0.059538683854043484]
[44, 44, 44, 45856, 1136, 8.077483400975439e-07, 0.03393821604549885, 0.06875596381723881, 0.037040107883512974]
[41, 41, 41, 45888, 1120, 7.498797640160503e-07, 0.03417731262743473, 0.034687917679548264, 0.03441048261116852]
[41, 41, 41, 45904, 1136, 7.809756152298069e-07, 0.03451307862997055, 0.03667161613702774, 0.035849904641509056]
[41, 41, 41, 45904, 1120, 7.566302133748114e-07, 0.03463092818856239, 0.03490043431520462, 0.034732353314757346]
[41, 41, 41, 45920, 1120, 7.632119947791307e-07, 0.03408653289079666, 0.04430592991411686, 0.03504669480025768]
[41, 41, 41, 45920, 1136, 8.074957984212988e-07, 0.03390062786638737, 0.06740970723330975, 0.037080207063506045]
[82, 82, 82, 45920, 560, 6.842459583707912e-06, 0.03787568397819996, 6.800931848585606, 0.3142057440838673]
[41, 41, 41, 45936, 1152, 7.463900439859018e-07, 0.034286173060536385, 0.034286173060536385, 0.034286173060536385]
[87, 87, 87, 45936, 528, 9.758510899167454e-07, 0.03812595084309578, 0.2296758834272623, 0.04482669566641562]
[44, 44, 44, 45952, 1136, 7.47244925769033e-07, 0.03384858928620815, 0.03554921597242355, 0.0343373988289386]
[44, 44, 44, 45968, 1136, 7.503550812912499e-07, 0.0339815653860569, 0.03542632982134819, 0.034492322376796176]
[44, 44, 44, 45984, 1136, 7.515184754539022e-07, 0.03376186825335026, 0.036256272345781326, 0.03455782557527224]
[44, 44, 44, 46000, 1152, 7.589737601254298e-07, 0.03491279296576977, 0.03491279296576977, 0.03491279296576977]
[44, 44, 44, 46048, 1152, 7.835524968927192e-07, 0.03608102537691593, 0.03608102537691593, 0.03608102537691593]
[40, 40, 40, 46048, 1152, 8.208329059297505e-07, 0.03356265090405941, 0.05282082408666611, 0.03779771365225315]
[40, 40, 40, 46080, 1152, 7.73687694048036e-07, 0.033557746559381485, 0.04414445161819458, 0.0356515289417335]
[43, 43, 43, 46080, 1072, 7.873500753366561e-07, 0.033819736912846565, 0.052718162536621094, 0.036281091471513115]
[72, 72, 72, 46080, 640, 1.1914158901422416e-06, 0.03685798682272434, 0.2109575755894184, 0.05490044421775449]
[80, 80, 80, 46080, 576, 1.0084004474485867e-06, 0.037361081689596176, 0.19562621600925922, 0.04646709261843088]
[43, 43, 43, 46096, 1072, 7.457324192891516e-07, 0.03397073596715927, 0.03737565875053406, 0.034375281599552734]
[43, 43, 43, 46160, 1136, 7.470901426011809e-07, 0.034164391458034515, 0.03491848520934582, 0.03448568098247051]
[43, 43, 43, 46176, 1136, 7.501527830333612e-07, 0.03412249684333801, 0.03515961207449436, 0.03463905490934849]
[43, 43, 43, 46176, 1152, 7.513660006440244e-07, 0.03431365266442299, 0.03495585545897484, 0.03469507644573847]
[74, 74, 74, 46176, 624, 9.814654074735683e-07, 0.03699672035872936, 0.1998109556734562, 0.045320146655499494]
[78, 78, 78, 46176, 592, 9.968073650769174e-07, 0.03730703331530094, 0.21129744686186314, 0.04602857688979174]
[43, 43, 43, 46192, 1136, 7.491304587855404e-07, 0.03426189161837101, 0.03494577668607235, 0.03460383415222168]
[43, 43, 43, 46208, 1136, 7.58477424753835e-07, 0.03411220572888851, 0.036331117153167725, 0.03504772484302521]
[76, 76, 76, 46208, 608, 9.862067297572165e-07, 0.03714041970670223, 0.18355522118508816, 0.04557064056862146]
[43, 43, 43, 46224, 1136, 7.493614775859472e-07, 0.03389843739569187, 0.03668270446360111, 0.03463848493993282]
[43, 43, 43, 46224, 1152, 7.399258727008556e-07, 0.03420233353972435, 0.03420233353972435, 0.03420233353972435]
[85, 85, 85, 46240, 544, 1.0015904281590233e-06, 0.03808983415365219, 0.214085066691041, 0.046313541398073234]
